"Date","Price","Open","High","Low","Vol.","Change %"
"2025-4-30","1,903.22","1,891.97","1,910.24","1,886.41","1.17B","0.84%"
"2025-4-29","1,887.43","1,888.95","1,900.32","1,883.68","1.09B","-0.27%"
"2025-4-28","1,892.47","1,911.15","1,911.15","1,887.50","1.14B","-0.66%"
"2025-4-25","1,905.12","1,896.76","1,918.12","1,895.72","1.35B","0.91%"
"2025-4-24","1,887.88","1,897.53","1,913.04","1,885.18","1.18B","-0.64%"
"2025-4-23","1,900.13","1,899.90","1,915.20","1,885.64","1.39B","1.37%"
"2025-4-22","1,874.39","1,879.52","1,885.75","1,868.27","1.14B","-0.83%"
"2025-4-21","1,890.03","1,857.25","1,893.54","1,848.04","1.08B","1.64%"
"2025-4-18","1,859.50","1,846.76","1,862.82","1,842.65","943.70M","0.51%"
"2025-4-17","1,850.05","1,834.71","1,863.87","1,834.21","856.27M","0.08%"
"2025-4-16","1,848.51","1,859.11","1,859.98","1,821.88","1.11B","-1.27%"
"2025-4-15","1,872.33","1,874.41","1,881.91","1,861.08","1.05B","-0.01%"
"2025-4-14","1,872.52","1,896.17","1,898.07","1,867.36","1.42B","0.31%"
"2025-4-11","1,866.71","1,822.50","1,883.24","1,821.69","1.62B","1.55%"
"2025-4-10","1,838.23","1,867.36","1,886.22","1,834.92","2.17B","2.45%"
"2025-4-9","1,794.35","1,746.03","1,812.52","1,720.81","2.37B","0.64%"
"2025-4-8","1,782.99","1,790.61","1,827.59","1,756.08","2.27B","1.36%"
"2025-4-7","1,759.13","1,879.04","1,889.59","1,708.98","3.08B","-13.30%"
"2025-4-3","2,029.08","2,045.93","2,064.10","2,021.85","1.29B","-2.17%"
"2025-4-2","2,074.17","2,073.04","2,092.59","2,066.08","962.90M","0.20%"
"2025-4-1","2,070.10","2,082.94","2,098.91","2,069.13","1.33B","-0.37%"
"2025-3-31","2,077.69","2,093.90","2,098.17","2,062.05","1.18B","-1.23%"
"2025-3-28","2,103.56","2,113.21","2,126.10","2,103.56","1.02B","-0.78%"
"2025-3-27","2,120.16","2,106.47","2,140.94","2,094.04","1.13B","0.17%"
"2025-3-26","2,116.58","2,122.02","2,138.46","2,116.58","951.81M","-0.35%"
"2025-3-25","2,123.94","2,134.66","2,146.06","2,115.97","1.20B","-0.38%"
"2025-3-24","2,132.12","2,131.56","2,138.69","2,106.07","1.35B","0.13%"
"2025-3-21","2,129.29","2,173.88","2,181.45","2,127.24","1.54B","-2.33%"
"2025-3-20","2,180.10","2,204.04","2,204.79","2,178.39","1.25B","-1.18%"
"2025-3-19","2,206.06","2,200.27","2,221.86","2,187.71","1.59B","-0.06%"
"2025-3-18","2,207.39","2,201.78","2,218.69","2,190.18","1.69B","0.77%"
"2025-3-17","2,190.60","2,207.94","2,212.04","2,186.74","1.80B","-0.61%"
"2025-3-14","2,204.12","2,135.65","2,213.85","2,131.54","2.71B","3.22%"
"2025-3-13","2,135.28","2,160.53","2,174.35","2,125.88","1.58B","-1.21%"
"2025-3-12","2,161.45","2,177.53","2,184.50","2,158.32","1.76B","-0.38%"
"2025-3-11","2,169.73","2,139.63","2,169.73","2,138.86","1.38B","0.13%"
"2025-3-10","2,166.83","2,177.66","2,184.44","2,147.64","1.47B","-0.33%"
"2025-3-7","2,174.06","2,190.69","2,195.65","2,164.95","1.94B","-1.41%"
"2025-3-6","2,205.12","2,177.97","2,213.63","2,174.11","2.43B","1.95%"
"2025-3-5","2,162.88","2,162.07","2,173.92","2,148.62","1.61B","0.05%"
"2025-3-4","2,161.76","2,149.73","2,165.85","2,137.01","1.58B","-0.79%"
"2025-3-3","2,178.94","2,158.81","2,215.81","2,139.32","2.08B","1.26%"
"2025-2-28","2,151.85","2,220.22","2,222.84","2,145.77","2.36B","-3.96%"
"2025-2-27","2,240.61","2,252.62","2,265.28","2,209.42","2.63B","-0.49%"
"2025-2-26","2,251.65","2,229.51","2,252.12","2,214.64","2.48B","1.35%"
"2025-2-25","2,221.68","2,209.17","2,248.58","2,207.44","2.21B","-1.23%"
"2025-2-24","2,249.29","2,258.13","2,266.39","2,228.01","2.72B","-0.77%"
"2025-2-21","2,266.65","2,212.65","2,270.99","2,212.65","3.19B","2.54%"
"2025-2-20","2,210.53","2,211.67","2,218.99","2,188.35","2.00B","-0.27%"
"2025-2-19","2,216.63","2,168.56","2,218.17","2,167.93","2.10B","1.79%"
"2025-2-18","2,177.54","2,219.44","2,228.14","2,169.32","2.54B","-1.85%"
"2025-2-17","2,218.61","2,225.66","2,231.44","2,200.49","2.74B","0.91%"
"2025-2-14","2,198.67","2,162.53","2,209.31","2,162.32","2.48B","1.53%"
"2025-2-13","2,165.62","2,178.05","2,194.22","2,164.88","2.39B","-0.90%"
"2025-2-12","2,185.28","2,139.35","2,188.56","2,135.45","2.39B","1.64%"
"2025-2-11","2,150.10","2,183.31","2,183.31","2,148.19","2.29B","-1.56%"
"2025-2-10","2,184.17","2,188.83","2,189.34","2,159.86","2.76B","0.25%"
"2025-2-7","2,178.68","2,127.57","2,206.20","2,122.87","3.72B","2.81%"
"2025-2-6","2,119.16","2,057.06","2,119.26","2,053.06","2.76B","2.88%"
"2025-2-5","2,059.77","2,087.96","2,087.96","2,051.57","2.29B","-0.61%"
"2025-1-27","2,072.44","2,134.55","2,138.30","2,072.44","1.77B","-3.11%"
"2025-1-24","2,139.03","2,098.07","2,150.87","2,098.07","2.05B","1.52%"
"2025-1-23","2,107.08","2,141.45","2,170.52","2,107.08","2.30B","-0.39%"
"2025-1-22","2,115.38","2,118.75","2,127.08","2,093.68","1.54B","-0.50%"
"2025-1-21","2,125.96","2,142.19","2,142.19","2,103.94","1.50B","0.33%"
"2025-1-20","2,118.87","2,099.40","2,132.42","2,099.20","1.65B","2.21%"
"2025-1-17","2,073.15","2,049.80","2,089.96","2,049.65","1.52B","0.59%"
"2025-1-16","2,061.06","2,057.38","2,092.21","2,037.03","1.78B","0.86%"
"2025-1-15","2,043.43","2,071.35","2,071.35","2,037.99","1.69B","-1.96%"
"2025-1-14","2,084.28","1,991.75","2,085.12","1,980.77","2.52B","5.05%"
"2025-1-13","1,984.15","1,956.26","2,001.37","1,956.26","1.19B","0.27%"
"2025-1-10","1,978.89","2,010.92","2,026.97","1,978.89","1.41B","-1.82%"
"2025-1-9","2,015.66","1,996.71","2,031.10","1,996.57","1.27B","0.19%"
"2025-1-8","2,011.92","2,016.22","2,033.60","1,969.47","1.73B","-1.19%"
"2025-1-7","2,036.06","1,999.56","2,036.59","1,990.19","1.43B","0.59%"
"2025-1-6","2,024.14","2,027.71","2,043.20","2,011.20","1.35B","-0.10%"
"2025-1-3","2,026.21","2,071.88","2,076.94","2,026.21","1.82B","-2.13%"
"2025-1-2","2,070.28","2,148.36","2,148.80","2,049.69","2.28B","-3.85%"
"2024-12-31","2,153.18","2,215.28","2,221.97","2,153.18","2.04B","-3.07%"
"2024-12-30","2,221.46","2,210.94","2,232.33","2,210.94","1.81B","0.18%"
"2024-12-27","2,217.46","2,223.01","2,248.44","2,206.53","2.01B","-0.29%"
"2024-12-26","2,223.83","2,216.13","2,233.63","2,205.57","1.48B","0.29%"
"2024-12-25","2,217.50","2,229.78","2,235.07","2,204.00","1.44B","-0.43%"
"2024-12-24","2,227.17","2,203.78","2,228.93","2,199.81","1.56B","1.13%"
"2024-12-23","2,202.27","2,212.28","2,235.95","2,198.84","1.72B","-0.69%"
"2024-12-20","2,217.63","2,220.73","2,243.33","2,210.88","1.83B","-0.30%"
"2024-12-19","2,224.24","2,188.58","2,231.93","2,185.52","1.78B","0.50%"
"2024-12-18","2,213.07","2,220.97","2,227.24","2,204.44","1.46B","-0.09%"
"2024-12-17","2,215.04","2,203.52","2,248.91","2,203.52","1.67B","0.32%"
"2024-12-16","2,208.01","2,237.96","2,239.57","2,198.99","1.99B","-1.47%"
"2024-12-13","2,241.03","2,283.07","2,288.22","2,239.90","2.91B","-2.81%"
"2024-12-12","2,305.89","2,265.44","2,317.95","2,265.37","2.12B","1.51%"
"2024-12-11","2,271.66","2,275.52","2,295.64","2,261.68","2.04B","-0.25%"
"2024-12-10","2,277.42","2,380.62","2,380.77","2,271.17","3.32B","0.56%"
"2024-12-9","2,264.69","2,278.61","2,287.18","2,244.04","1.95B","-0.70%"
"2024-12-6","2,280.65","2,228.76","2,306.26","2,224.18","2.49B","2.26%"
"2024-12-5","2,230.26","2,216.34","2,247.89","2,216.34","1.78B","0.40%"
"2024-12-4","2,221.45","2,241.00","2,250.61","2,212.44","1.83B","-1.32%"
"2024-12-3","2,251.21","2,260.36","2,268.42","2,228.85","2.08B","-0.58%"
"2024-12-2","2,264.40","2,219.13","2,269.88","2,218.00","2.45B","1.40%"
"2024-11-29","2,233.06","2,165.16","2,280.10","2,165.16","2.95B","2.74%"
"2024-11-28","2,173.45","2,211.89","2,211.99","2,168.99","1.92B","-1.97%"
"2024-11-27","2,217.09","2,142.27","2,217.67","2,125.92","2.31B","2.81%"
"2024-11-26","2,156.58","2,171.40","2,194.44","2,154.35","1.76B","-1.29%"
"2024-11-25","2,184.68","2,196.61","2,205.98","2,149.10","2.15B","-0.08%"
"2024-11-22","2,186.40","2,269.12","2,282.79","2,186.40","2.60B","-4.00%"
"2024-11-21","2,277.49","2,265.98","2,293.66","2,260.18","2.59B","-0.11%"
"2024-11-20","2,280.05","2,256.94","2,297.63","2,253.13","2.50B","0.35%"
"2024-11-19","2,272.16","2,210.60","2,278.05","2,184.70","2.58B","3.20%"
"2024-11-18","2,201.68","2,253.98","2,266.63","2,181.77","2.86B","-2.36%"
"2024-11-15","2,254.79","2,335.17","2,356.48","2,254.79","3.14B","-4.21%"
"2024-11-14","2,353.82","2,430.29","2,441.32","2,350.69","2.83B","-3.37%"
"2024-11-13","2,435.80","2,371.14","2,449.87","2,354.90","3.44B","1.63%"
"2024-11-12","2,396.72","2,421.09","2,459.02","2,367.52","4.42B","0.19%"
"2024-11-11","2,392.08","2,293.45","2,393.50","2,292.02","3.97B","3.04%"
"2024-11-8","2,321.59","2,412.61","2,419.38","2,318.22","4.45B","-1.75%"
"2024-11-7","2,363.01","2,247.58","2,363.01","2,238.90","4.55B","4.07%"
"2024-11-6","2,270.60","2,301.23","2,381.71","2,250.87","4.50B","-1.35%"
"2024-11-5","2,301.70","2,190.12","2,316.58","2,176.37","4.34B","5.04%"
"2024-11-4","2,191.36","2,123.03","2,193.69","2,123.03","2.79B","3.08%"
"2024-11-1","2,125.80","2,149.51","2,169.93","2,123.02","3.49B","-1.85%"
"2024-10-31","2,165.83","2,142.74","2,211.08","2,128.19","3.96B","0.78%"
"2024-10-30","2,149.08","2,153.54","2,178.87","2,124.38","2.65B","-1.27%"
"2024-10-29","2,176.71","2,230.37","2,237.48","2,175.15","3.04B","-2.31%"
"2024-10-28","2,228.24","2,232.88","2,242.87","2,199.98","2.72B","-0.74%"
"2024-10-25","2,244.92","2,195.59","2,288.93","2,182.82","3.60B","3.23%"
"2024-10-24","2,174.75","2,185.90","2,203.43","2,168.00","2.75B","-1.36%"
"2024-10-23","2,204.62","2,202.70","2,256.09","2,185.21","3.83B","-0.84%"
"2024-10-22","2,223.23","2,213.08","2,233.30","2,183.55","3.68B","0.33%"
"2024-10-21","2,215.83","2,219.92","2,276.55","2,189.35","4.67B","0.44%"
"2024-10-18","2,206.14","2,023.80","2,288.32","2,023.80","5.65B","8.63%"
"2024-10-17","2,030.89","2,051.96","2,078.18","2,028.57","3.06B","-0.21%"
"2024-10-16","2,035.14","2,035.46","2,078.48","2,021.29","2.79B","-2.45%"
"2024-10-15","2,086.33","2,142.29","2,179.64","2,086.33","3.35B","-3.33%"
"2024-10-14","2,158.21","2,122.65","2,166.43","2,061.82","3.86B","2.63%"
"2024-10-11","2,102.90","2,171.12","2,192.21","2,066.27","3.80B","-5.03%"
"2024-10-10","2,214.38","2,297.23","2,334.39","2,177.40","5.15B","-3.46%"
"2024-10-9","2,293.81","2,434.55","2,541.68","2,293.34","7.86B","-10.32%"
"2024-10-8","2,557.64","2,558.61","2,559.86","2,337.13","6.14B","18.56%"
"2024-9-30","2,157.28","1,980.52","2,166.65","1,953.37","5.26B","15.55%"
"2024-9-27","1,866.90","1,724.66","1,903.36","1,724.66","4.53B","10.67%"
"2024-9-26","1,686.83","1,614.52","1,689.47","1,599.02","2.69B","4.31%"
"2024-9-25","1,617.06","1,631.71","1,655.52","1,615.83","2.50B","1.81%"
"2024-9-24","1,588.25","1,515.98","1,589.38","1,502.25","2.27B","5.95%"
"2024-9-23","1,499.04","1,504.59","1,514.83","1,497.53","796.32M","-0.22%"
"2024-9-20","1,502.39","1,511.79","1,511.79","1,490.51","876.83M","-0.59%"
"2024-9-19","1,511.24","1,509.46","1,528.74","1,485.94","1.19B","0.72%"
"2024-9-18","1,500.40","1,496.44","1,507.33","1,490.76","686.76M","0.09%"
"2024-9-13","1,499.00","1,513.36","1,519.81","1,499.00","889.61M","-0.94%"
"2024-9-12","1,513.18","1,525.80","1,537.42","1,512.24","927.26M","-0.15%"
"2024-9-11","1,515.52","1,495.66","1,519.71","1,491.25","878.23M","1.44%"
"2024-9-10","1,494.04","1,495.42","1,505.45","1,480.25","857.16M","-0.02%"
"2024-9-9","1,494.31","1,481.29","1,502.67","1,480.77","830.51M","0.16%"
"2024-9-6","1,491.95","1,516.20","1,520.18","1,491.07","895.27M","-1.63%"
"2024-9-5","1,516.71","1,507.88","1,529.17","1,507.56","940.69M","0.58%"
"2024-9-4","1,508.02","1,493.33","1,522.83","1,491.59","965.59M","-0.10%"
"2024-9-3","1,509.54","1,486.64","1,515.09","1,486.64","910.09M","1.28%"
"2024-9-2","1,490.43","1,531.09","1,536.59","1,490.02","1.13B","-2.91%"
"2024-8-30","1,535.11","1,495.82","1,553.72","1,495.82","1.65B","2.86%"
"2024-8-29","1,492.50","1,463.28","1,503.00","1,463.28","1.15B","0.51%"
"2024-8-28","1,484.94","1,481.83","1,490.07","1,474.77","773.19M","-0.06%"
"2024-8-27","1,485.90","1,490.51","1,496.16","1,481.86","926.54M","-0.88%"
"2024-8-26","1,499.03","1,505.47","1,513.81","1,495.16","1.03B","-0.12%"
"2024-8-23","1,500.79","1,492.72","1,508.79","1,491.82","786.24M","0.06%"
"2024-8-22","1,499.94","1,511.34","1,514.72","1,497.00","963.33M","-0.64%"
"2024-8-21","1,509.53","1,509.37","1,522.83","1,505.52","802.83M","-0.50%"
"2024-8-20","1,517.07","1,536.55","1,538.38","1,514.86","772.30M","-1.19%"
"2024-8-19","1,535.29","1,533.13","1,553.14","1,533.01","815.57M","0.08%"
"2024-8-16","1,534.03","1,533.93","1,544.90","1,528.55","772.45M","0.19%"
"2024-8-15","1,531.17","1,519.30","1,545.93","1,519.30","962.93M","0.55%"
"2024-8-14","1,522.86","1,543.47","1,544.46","1,522.86","778.11M","-1.35%"
"2024-8-13","1,543.72","1,527.18","1,543.72","1,522.27","778.61M","1.11%"
"2024-8-12","1,526.84","1,532.53","1,538.04","1,523.41","752.35M","-0.25%"
"2024-8-9","1,530.67","1,557.33","1,564.80","1,530.67","800.77M","-0.93%"
"2024-8-8","1,545.07","1,545.67","1,561.61","1,532.72","870.71M","-0.72%"
"2024-8-7","1,556.29","1,559.19","1,571.18","1,554.22","914.47M","-0.44%"
"2024-8-6","1,563.16","1,564.74","1,574.93","1,548.25","1.09B","1.35%"
"2024-8-5","1,542.40","1,553.19","1,588.44","1,542.07","1.37B","-1.98%"
"2024-8-2","1,573.57","1,589.31","1,607.39","1,571.02","1.17B","-2.11%"
"2024-8-1","1,607.52","1,634.48","1,637.35","1,606.25","1.17B","-1.48%"
"2024-7-31","1,631.71","1,568.48","1,634.94","1,568.48","1.75B","3.38%"
"2024-7-30","1,578.29","1,577.56","1,585.30","1,569.05","734.91M","-0.38%"
"2024-7-29","1,584.30","1,600.64","1,600.64","1,578.59","833.87M","-1.51%"
"2024-7-26","1,608.58","1,599.33","1,620.39","1,596.89","958.02M","0.95%"
"2024-7-25","1,593.43","1,590.75","1,608.64","1,587.78","1.03B","-0.46%"
"2024-7-24","1,600.74","1,612.96","1,633.27","1,595.56","1.05B","-1.15%"
"2024-7-23","1,619.37","1,666.43","1,666.80","1,619.37","1.12B","-2.93%"
"2024-7-22","1,668.24","1,673.33","1,680.52","1,657.80","1.15B","0.01%"
"2024-7-19","1,668.16","1,650.51","1,673.97","1,650.51","1.18B","0.36%"
"2024-7-18","1,662.15","1,621.92","1,663.50","1,620.57","1.35B","1.42%"
"2024-7-17","1,638.89","1,635.91","1,649.96","1,627.49","1.38B","-0.14%"
"2024-7-16","1,641.15","1,613.58","1,641.90","1,612.95","1.30B","1.73%"
"2024-7-15","1,613.19","1,614.67","1,620.33","1,605.44","877.86M","-0.80%"
"2024-7-12","1,626.27","1,622.66","1,636.00","1,613.90","1.16B","-0.10%"
"2024-7-11","1,627.87","1,616.83","1,638.40","1,602.71","1.56B","2.09%"
"2024-7-10","1,594.55","1,587.18","1,614.22","1,586.08","1.08B","-0.11%"
"2024-7-9","1,596.29","1,564.27","1,604.00","1,556.98","1.35B","1.88%"
"2024-7-8","1,566.89","1,588.87","1,590.42","1,562.82","933.39M","-1.64%"
"2024-7-5","1,593.03","1,590.68","1,600.13","1,572.45","958.08M","0.30%"
"2024-7-4","1,588.34","1,606.52","1,616.41","1,588.34","922.58M","-0.67%"
"2024-7-3","1,599.10","1,601.05","1,614.89","1,585.49","1.02B","-0.07%"
"2024-7-2","1,600.24","1,607.48","1,618.31","1,595.66","1.08B","-0.84%"
"2024-7-1","1,613.83","1,612.26","1,621.57","1,581.79","1.11B","-0.19%"
"2024-6-28","1,616.84","1,631.33","1,656.37","1,613.74","1.35B","-1.28%"
"2024-6-27","1,637.86","1,652.47","1,653.94","1,637.07","990.79M","-1.58%"
"2024-6-26","1,664.23","1,638.01","1,667.53","1,634.13","1.15B","1.65%"
"2024-6-25","1,637.17","1,662.35","1,666.29","1,628.54","1.03B","-2.02%"
"2024-6-24","1,670.91","1,678.80","1,691.48","1,668.46","994.19M","-1.02%"
"2024-6-21","1,688.20","1,691.87","1,697.80","1,674.24","909.93M","-0.58%"
"2024-6-20","1,697.99","1,725.27","1,731.25","1,696.70","1.05B","-1.62%"
"2024-6-19","1,725.87","1,753.59","1,753.59","1,725.51","998.45M","-1.21%"
"2024-6-18","1,746.94","1,733.44","1,755.66","1,733.44","1.14B","0.62%"
"2024-6-17","1,736.13","1,708.53","1,742.16","1,708.47","1.32B","1.03%"
"2024-6-14","1,718.41","1,700.40","1,720.43","1,680.94","1.32B","1.09%"
"2024-6-13","1,699.95","1,703.93","1,721.55","1,695.36","917.69M","0.28%"
"2024-6-12","1,695.15","1,696.43","1,705.27","1,693.22","865.03M","-0.59%"
"2024-6-11","1,705.14","1,687.25","1,708.77","1,682.17","798.94M","0.09%"
"2024-6-7","1,703.56","1,737.04","1,746.18","1,685.98","962.20M","-2.65%"
"2024-6-6","1,750.00","1,766.81","1,773.82","1,745.24","1.08B","-0.51%"
"2024-6-5","1,758.98","1,765.03","1,783.52","1,758.98","911.29M","-0.53%"
"2024-6-4","1,768.40","1,741.67","1,773.35","1,740.10","971.08M","1.42%"
"2024-6-3","1,743.65","1,725.13","1,748.25","1,720.59","1.03B","1.09%"
"2024-5-31","1,724.82","1,733.72","1,755.68","1,724.82","975.28M","-0.58%"
"2024-5-30","1,734.89","1,732.66","1,741.11","1,726.73","876.65M","0.17%"
"2024-5-29","1,732.02","1,729.87","1,756.31","1,725.44","891.42M","0.35%"
"2024-5-28","1,725.97","1,742.87","1,747.76","1,725.74","737.11M","-1.36%"
"2024-5-27","1,749.82","1,746.43","1,751.92","1,724.90","904.17M","0.55%"
"2024-5-24","1,740.24","1,769.07","1,786.64","1,739.75","923.95M","-2.05%"
"2024-5-23","1,776.74","1,798.03","1,800.77","1,772.12","1.06B","-1.20%"
"2024-5-22","1,798.38","1,779.65","1,804.76","1,773.17","1.05B","1.16%"
"2024-5-21","1,777.71","1,790.09","1,790.96","1,772.11","740.23M","-0.87%"
"2024-5-20","1,793.29","1,786.90","1,802.89","1,781.34","1.01B","0.55%"
"2024-5-17","1,783.54","1,760.46","1,784.51","1,751.85","993.76M","0.95%"
"2024-5-16","1,766.75","1,768.32","1,784.29","1,757.11","925.24M","0.45%"
"2024-5-15","1,758.90","1,776.67","1,786.98","1,757.51","905.37M","-0.77%"
"2024-5-14","1,772.58","1,783.59","1,790.33","1,766.47","913.40M","-0.31%"
"2024-5-13","1,778.16","1,777.42","1,796.55","1,768.67","1.09B","-1.11%"
"2024-5-10","1,798.13","1,821.34","1,821.49","1,792.99","1.05B","-1.32%"
"2024-5-9","1,822.14","1,800.65","1,826.39","1,799.82","1.18B","1.76%"
"2024-5-8","1,790.66","1,819.10","1,819.10","1,788.85","953.00M","-1.82%"
"2024-5-7","1,823.91","1,832.79","1,835.49","1,820.17","1.01B","-0.41%"
"2024-5-6","1,831.49","1,835.56","1,844.18","1,827.31","1.40B","2.07%"
"2024-4-30","1,794.41","1,813.85","1,816.95","1,793.41","1.15B","-1.81%"
"2024-4-29","1,827.41","1,768.99","1,848.85","1,768.99","1.87B","3.88%"
"2024-4-26","1,759.10","1,699.14","1,762.21","1,699.14","1.74B","3.87%"
"2024-4-25","1,693.59","1,677.57","1,706.45","1,672.53","1.07B","0.14%"
"2024-4-24","1,691.23","1,684.23","1,695.99","1,671.11","1.07B","0.68%"
"2024-4-23","1,679.77","1,683.05","1,693.97","1,667.40","962.27M","0.09%"
"2024-4-22","1,678.34","1,669.44","1,695.97","1,666.53","982.87M","-0.55%"
"2024-4-19","1,687.65","1,707.43","1,711.16","1,671.83","1.09B","-2.04%"
"2024-4-18","1,722.75","1,721.19","1,742.31","1,701.39","1.23B","-0.67%"
"2024-4-17","1,734.33","1,703.53","1,734.65","1,703.15","1.13B","2.01%"
"2024-4-16","1,700.18","1,721.75","1,728.90","1,699.60","1.16B","-1.90%"
"2024-4-15","1,733.10","1,706.94","1,744.14","1,706.94","1.26B","2.10%"
"2024-4-12","1,697.50","1,712.06","1,721.39","1,695.37","1.03B","-0.96%"
"2024-4-11","1,713.92","1,709.09","1,731.22","1,705.76","998.86M","-0.41%"
"2024-4-10","1,720.97","1,747.78","1,748.46","1,713.41","941.84M","-2.08%"
"2024-4-9","1,757.45","1,739.89","1,757.70","1,734.68","1.01B","1.04%"
"2024-4-8","1,739.30","1,762.05","1,770.25","1,739.30","1.03B","-1.62%"
"2024-4-3","1,767.91","1,786.16","1,786.51","1,767.59","973.95M","-1.45%"
"2024-4-2","1,793.90","1,799.55","1,803.74","1,784.91","1.06B","-0.48%"
"2024-4-1","1,802.48","1,764.85","1,802.48","1,764.41","1.19B","3.17%"
"2024-3-29","1,747.08","1,738.82","1,757.73","1,731.04","921.86M","0.52%"
"2024-3-28","1,738.01","1,721.65","1,760.23","1,718.95","1.10B","1.03%"
"2024-3-27","1,720.21","1,768.60","1,768.60","1,720.21","1.05B","-2.77%"
"2024-3-26","1,769.29","1,759.14","1,785.72","1,758.65","1.21B","0.53%"
"2024-3-25","1,759.91","1,788.53","1,796.68","1,759.51","1.17B","-1.82%"
"2024-3-22","1,792.55","1,815.72","1,819.78","1,783.55","1.27B","-1.48%"
"2024-3-21","1,819.56","1,834.83","1,843.58","1,819.49","1.30B","-0.70%"
"2024-3-20","1,832.46","1,823.00","1,843.02","1,821.05","1.21B","-0.05%"
"2024-3-19","1,833.33","1,849.25","1,855.53","1,833.33","1.39B","-1.38%"
"2024-3-18","1,858.97","1,838.74","1,858.97","1,835.45","1.61B","2.53%"
"2024-3-15","1,813.01","1,808.49","1,816.72","1,774.56","1.32B","-0.06%"
"2024-3-14","1,814.06","1,824.84","1,842.51","1,801.61","1.29B","-0.53%"
"2024-3-13","1,823.81","1,841.78","1,841.78","1,819.59","1.35B","-0.55%"
"2024-3-12","1,833.82","1,823.43","1,844.04","1,812.15","1.64B","0.92%"
"2024-3-11","1,817.04","1,737.25","1,817.42","1,733.74","1.66B","5.32%"
"2024-3-8","1,725.22","1,709.81","1,731.06","1,696.12","1.04B","1.17%"
"2024-3-7","1,705.23","1,744.40","1,753.54","1,704.49","1.18B","-2.43%"
"2024-3-6","1,747.72","1,734.86","1,771.71","1,726.37","1.10B","0.07%"
"2024-3-5","1,746.44","1,731.67","1,756.82","1,726.45","1.30B","-0.11%"
"2024-3-4","1,748.29","1,740.82","1,763.42","1,734.23","1.35B","0.63%"
"2024-3-1","1,737.31","1,720.68","1,745.80","1,709.16","1.46B","1.06%"
"2024-2-29","1,719.07","1,651.78","1,721.66","1,651.78","1.55B","3.58%"
"2024-2-28","1,659.73","1,706.64","1,737.18","1,659.73","1.92B","-2.42%"
"2024-2-27","1,700.94","1,651.14","1,700.94","1,649.29","1.44B","2.52%"
"2024-2-26","1,659.19","1,665.31","1,673.89","1,650.80","1.24B","-0.71%"
"2024-2-23","1,671.06","1,681.03","1,682.04","1,657.40","1.23B","0.02%"
"2024-2-22","1,670.69","1,667.70","1,674.92","1,655.54","1.14B","0.26%"
"2024-2-21","1,666.32","1,640.20","1,695.11","1,636.85","1.54B","0.45%"
"2024-2-20","1,658.81","1,654.39","1,661.69","1,633.72","1.13B","-0.14%"
"2024-2-19","1,661.18","1,659.32","1,661.30","1,635.34","1.36B","1.77%"
"2024-2-8","1,632.24","1,619.01","1,661.84","1,616.42","1.56B","1.44%"
"2024-2-7","1,609.08","1,579.26","1,614.80","1,573.68","1.69B","1.63%"
"2024-2-6","1,583.24","1,469.26","1,584.64","1,469.26","1.69B","6.49%"
"2024-2-5","1,486.79","1,450.25","1,521.71","1,411.72","1.63B","1.29%"
"2024-2-2","1,467.89","1,502.21","1,510.88","1,432.10","1.28B","-2.55%"
"2024-2-1","1,506.31","1,484.01","1,534.95","1,480.03","1.14B","1.17%"
"2024-1-31","1,488.91","1,494.02","1,513.19","1,487.91","1.21B","-0.03%"
"2024-1-30","1,489.36","1,517.09","1,536.10","1,488.16","940.18M","-2.53%"
"2024-1-29","1,527.96","1,586.61","1,589.91","1,527.96","1.08B","-3.93%"
"2024-1-26","1,590.48","1,611.37","1,623.51","1,587.73","1.18B","-2.46%"
"2024-1-25","1,630.60","1,597.80","1,631.03","1,583.39","1.33B","1.29%"
"2024-1-24","1,609.88","1,611.99","1,614.98","1,557.28","1.28B","0.39%"
"2024-1-23","1,603.63","1,581.08","1,619.51","1,574.44","1.15B","1.23%"
"2024-1-22","1,584.19","1,617.33","1,627.55","1,574.54","1.21B","-2.34%"
"2024-1-19","1,622.17","1,631.92","1,651.12","1,620.92","978.75M","-0.98%"
"2024-1-18","1,638.20","1,584.24","1,641.31","1,584.24","1.31B","2.53%"
"2024-1-17","1,597.82","1,642.54","1,642.54","1,597.82","882.84M","-3.01%"
"2024-1-16","1,647.41","1,632.71","1,648.85","1,619.33","922.28M","0.61%"
"2024-1-15","1,637.50","1,639.44","1,656.94","1,627.26","763.83M","-0.76%"
"2024-1-12","1,650.04","1,662.52","1,674.59","1,649.87","880.78M","-1.16%"
"2024-1-11","1,669.46","1,636.85","1,683.34","1,630.69","1.10B","2.13%"
"2024-1-10","1,634.63","1,630.31","1,662.98","1,616.46","885.66M","-0.38%"
"2024-1-9","1,640.83","1,640.76","1,665.83","1,627.46","853.89M","0.34%"
"2024-1-8","1,635.32","1,654.37","1,667.35","1,634.57","849.73M","-1.52%"
"2024-1-5","1,660.64","1,680.77","1,700.07","1,650.80","840.73M","-1.39%"
"2024-1-4","1,684.00","1,715.64","1,715.83","1,676.56","827.19M","-2.06%"
"2024-1-3","1,719.46","1,733.48","1,739.64","1,709.92","796.61M","-1.15%"
"2024-1-2","1,739.42","1,775.17","1,775.17","1,739.09","833.87M","-2.20%"
"2023-12-29","1,778.48","1,768.85","1,786.06","1,766.52","1.07B","0.55%"
"2023-12-28","1,768.76","1,688.23","1,775.35","1,686.21","1.32B","4.56%"
"2023-12-27","1,691.68","1,700.50","1,701.96","1,680.41","818.26M","-0.21%"
"2023-12-26","1,695.29","1,716.48","1,717.19","1,688.73","701.33M","-1.38%"
"2023-12-25","1,719.09","1,709.04","1,726.42","1,708.35","680.13M","0.23%"
"2023-12-22","1,715.12","1,716.89","1,737.84","1,701.83","1.00B","-0.47%"
"2023-12-21","1,723.23","1,680.36","1,732.56","1,678.64","1.00B","2.04%"
"2023-12-20","1,688.83","1,714.22","1,717.00","1,688.27","721.99M","-1.35%"
"2023-12-19","1,711.94","1,699.59","1,721.60","1,696.14","770.54M","0.61%"
"2023-12-18","1,701.55","1,721.53","1,729.40","1,696.60","767.57M","-1.70%"
"2023-12-15","1,730.95","1,751.72","1,760.67","1,726.33","839.15M","-0.59%"
"2023-12-14","1,741.24","1,766.78","1,778.33","1,739.88","770.92M","-0.69%"
"2023-12-13","1,753.29","1,779.99","1,780.51","1,752.63","826.59M","-1.75%"
"2023-12-12","1,784.44","1,788.22","1,795.97","1,779.55","911.84M","-0.63%"
"2023-12-11","1,795.79","1,762.34","1,800.10","1,749.78","1.15B","1.20%"
"2023-12-8","1,774.47","1,761.79","1,779.33","1,751.21","1.15B","1.04%"
"2023-12-7","1,756.20","1,755.22","1,768.83","1,743.75","937.82M","-0.23%"
"2023-12-6","1,760.17","1,747.06","1,781.13","1,746.22","998.14M","0.54%"
"2023-12-5","1,750.71","1,778.26","1,783.98","1,750.37","844.57M","-2.01%"
"2023-12-4","1,786.65","1,804.73","1,805.75","1,786.04","922.40M","-1.21%"
"2023-12-1","1,808.57","1,804.36","1,816.75","1,785.63","868.13M","0.23%"
"2023-11-30","1,804.41","1,795.15","1,816.29","1,793.77","744.41M","0.34%"
"2023-11-29","1,798.23","1,816.45","1,819.34","1,797.66","737.56M","-1.21%"
"2023-11-28","1,820.32","1,805.43","1,820.55","1,800.99","731.68M","0.67%"
"2023-11-27","1,808.28","1,820.11","1,820.11","1,798.86","676.90M","-0.75%"
"2023-11-24","1,821.90","1,843.83","1,843.83","1,820.29","642.79M","-1.23%"
"2023-11-23","1,844.58","1,830.96","1,844.58","1,825.69","642.43M","0.53%"
"2023-11-22","1,834.86","1,861.27","1,867.12","1,834.86","746.70M","-2.02%"
"2023-11-21","1,872.74","1,889.17","1,903.22","1,870.32","914.91M","-0.35%"
"2023-11-20","1,879.23","1,877.86","1,885.19","1,857.40","862.25M","0.07%"
"2023-11-17","1,877.86","1,861.38","1,878.01","1,861.38","712.16M","0.47%"
"2023-11-16","1,869.16","1,905.53","1,905.53","1,869.16","803.39M","-2.01%"
"2023-11-15","1,907.44","1,924.48","1,925.58","1,900.65","1.02B","0.65%"
"2023-11-14","1,895.08","1,902.89","1,917.08","1,887.12","881.52M","-0.45%"
"2023-11-13","1,903.55","1,918.93","1,922.33","1,894.54","861.82M","0.01%"
"2023-11-10","1,903.29","1,904.34","1,909.61","1,898.93","762.32M","-0.84%"
"2023-11-9","1,919.48","1,919.63","1,935.56","1,915.35","917.64M","-0.26%"
"2023-11-8","1,924.48","1,917.75","1,937.24","1,911.91","1.09B","0.01%"
"2023-11-7","1,924.26","1,928.57","1,934.08","1,913.76","1.12B","-0.67%"
"2023-11-6","1,937.20","1,883.69","1,939.60","1,883.69","1.55B","3.79%"
"2023-11-3","1,866.40","1,841.85","1,874.07","1,841.35","992.57M","1.61%"
"2023-11-2","1,836.91","1,860.99","1,868.95","1,836.85","916.33M","-0.92%"
"2023-11-1","1,853.98","1,863.37","1,867.67","1,844.28","913.58M","-0.44%"
"2023-10-31","1,862.26","1,868.77","1,869.99","1,851.71","1.09B","-0.55%"
"2023-10-30","1,872.59","1,830.20","1,878.15","1,826.77","1.47B","2.66%"
"2023-10-27","1,824.09","1,759.11","1,830.67","1,754.51","1.52B","3.19%"
"2023-10-26","1,767.68","1,745.60","1,768.45","1,728.82","1.39B","0.53%"
"2023-10-25","1,758.30","1,786.77","1,792.02","1,757.90","1.15B","-1.10%"
"2023-10-24","1,777.82","1,771.19","1,789.01","1,760.37","1.22B","0.78%"
"2023-10-23","1,764.10","1,788.99","1,788.99","1,753.32","989.73M","-1.65%"
"2023-10-20","1,793.71","1,791.55","1,820.68","1,790.66","922.72M","-0.80%"
"2023-10-19","1,808.16","1,818.77","1,828.34","1,807.63","965.72M","-1.25%"
"2023-10-18","1,831.06","1,843.13","1,843.13","1,825.14","876.54M","-1.18%"
"2023-10-17","1,852.99","1,857.90","1,864.25","1,843.76","950.58M","0.19%"
"2023-10-16","1,849.53","1,889.39","1,889.76","1,842.16","1.01B","-2.24%"
"2023-10-13","1,891.84","1,902.31","1,903.50","1,881.50","1.25B","-1.34%"
"2023-10-12","1,917.45","1,913.71","1,922.49","1,900.96","1.17B","0.81%"
"2023-10-11","1,902.08","1,896.27","1,918.92","1,892.11","1.20B","1.08%"
"2023-10-10","1,881.81","1,901.74","1,909.81","1,881.38","877.02M","-0.70%"
"2023-10-9","1,895.07","1,895.02","1,903.29","1,873.06","1.10B","-0.20%"
"2023-9-28","1,898.83","1,908.07","1,914.25","1,889.54","861.50M","-0.07%"
"2023-9-27","1,900.21","1,888.73","1,924.16","1,883.87","919.37M","0.84%"
"2023-9-26","1,884.40","1,895.33","1,903.27","1,884.11","773.62M","-0.86%"
"2023-9-25","1,900.82","1,913.10","1,913.10","1,895.81","929.15M","-0.47%"
"2023-9-22","1,909.88","1,860.80","1,910.90","1,858.51","1.10B","2.53%"
"2023-9-21","1,862.79","1,878.84","1,886.10","1,862.79","614.45M","-1.13%"
"2023-9-20","1,884.02","1,899.94","1,899.94","1,884.02","523.20M","-0.91%"
"2023-9-19","1,901.25","1,914.35","1,914.35","1,892.12","594.56M","-0.79%"
"2023-9-18","1,916.35","1,888.54","1,931.73","1,887.23","733.47M","1.05%"
"2023-9-15","1,896.45","1,906.89","1,918.36","1,890.50","727.40M","-0.73%"
"2023-9-14","1,910.38","1,919.72","1,924.05","1,902.02","572.44M","-0.88%"
"2023-9-13","1,927.36","1,944.06","1,953.71","1,915.28","627.18M","-1.16%"
"2023-9-12","1,949.95","1,963.19","1,965.77","1,949.13","607.03M","-0.81%"
"2023-9-11","1,965.86","1,953.00","1,980.88","1,945.66","871.40M","0.57%"
"2023-9-8","1,954.72","1,956.48","1,964.98","1,943.15","615.69M","-0.59%"
"2023-9-7","1,966.37","2,007.75","2,008.33","1,966.37","739.49M","-2.31%"
"2023-9-6","2,012.84","2,019.84","2,021.44","2,002.68","776.05M","-0.78%"
"2023-9-5","2,028.58","2,030.37","2,039.48","2,025.26","774.02M","-0.34%"
"2023-9-4","2,035.46","2,028.94","2,039.73","2,005.84","825.52M","0.85%"
"2023-9-1","2,018.20","2,025.85","2,036.82","2,010.65","713.25M","-0.12%"
"2023-8-31","2,020.57","2,029.24","2,035.63","2,019.44","867.21M","-0.76%"
"2023-8-30","2,036.12","2,043.34","2,062.36","2,030.03","1.17B","-0.13%"
"2023-8-29","2,038.73","1,978.65","2,056.30","1,978.65","1.61B","2.89%"
"2023-8-28","1,981.55","2,102.20","2,102.20","1,976.95","2.16B","1.16%"
"2023-8-25","1,958.86","1,971.70","1,975.03","1,951.54","915.91M","-1.27%"
"2023-8-24","1,984.09","1,971.83","2,005.51","1,965.35","928.81M","1.27%"
"2023-8-23","1,959.22","2,002.13","2,002.13","1,959.22","727.80M","-2.41%"
"2023-8-22","2,007.53","2,021.57","2,026.33","1,969.73","1.01B","0.10%"
"2023-8-21","2,005.54","2,029.87","2,034.89","2,005.54","994.65M","-1.78%"
"2023-8-18","2,041.98","2,066.32","2,080.17","2,041.98","934.84M","-1.23%"
"2023-8-17","2,067.33","2,052.84","2,072.25","2,035.03","952.44M","0.66%"
"2023-8-16","2,053.81","2,060.02","2,077.73","2,053.53","967.29M","-0.70%"
"2023-8-15","2,068.21","2,086.34","2,093.48","2,051.96","1.16B","-0.80%"
"2023-8-14","2,084.97","2,086.82","2,093.38","2,061.88","998.66M","-1.19%"
"2023-8-11","2,110.03","2,165.00","2,165.00","2,110.03","1.17B","-2.40%"
"2023-8-10","2,161.89","2,150.84","2,165.95","2,143.62","929.44M","0.46%"
"2023-8-9","2,151.99","2,145.21","2,165.67","2,145.21","905.98M","-0.02%"
"2023-8-8","2,152.44","2,162.45","2,171.39","2,151.72","1.06B","-0.51%"
"2023-8-7","2,163.52","2,176.03","2,180.82","2,156.64","1.18B","-1.19%"
"2023-8-4","2,189.50","2,188.97","2,210.84","2,171.82","1.81B","1.16%"
"2023-8-3","2,164.46","2,133.04","2,164.76","2,133.04","1.22B","1.24%"
"2023-8-2","2,137.89","2,137.03","2,151.88","2,132.39","1.06B","-0.08%"
"2023-8-1","2,139.55","2,150.37","2,167.42","2,130.37","1.14B","-0.65%"
"2023-7-31","2,153.64","2,148.62","2,176.72","2,147.08","1.71B","0.95%"
"2023-7-28","2,133.39","2,089.56","2,138.46","2,084.66","1.67B","1.71%"
"2023-7-27","2,097.59","2,114.36","2,120.85","2,094.26","799.89M","-0.29%"
"2023-7-26","2,103.76","2,097.06","2,106.57","2,091.80","901.90M","-0.06%"
"2023-7-25","2,105.08","2,092.08","2,108.76","2,077.86","1.49B","2.61%"
"2023-7-24","2,051.50","2,051.17","2,071.96","2,044.98","656.99M","-0.83%"
"2023-7-21","2,068.68","2,060.72","2,084.43","2,057.45","846.39M","0.22%"
"2023-7-20","2,064.20","2,090.26","2,112.12","2,062.53","798.09M","-1.12%"
"2023-7-19","2,087.56","2,109.99","2,113.78","2,080.87","609.92M","-1.31%"
"2023-7-18","2,115.21","2,129.77","2,130.09","2,108.91","650.68M","-0.30%"
"2023-7-17","2,121.56","2,128.29","2,130.23","2,112.40","722.54M","-0.92%"
"2023-7-14","2,141.34","2,156.48","2,157.55","2,137.78","918.58M","-0.70%"
"2023-7-13","2,156.35","2,125.93","2,157.11","2,125.93","1.26B","2.04%"
"2023-7-12","2,113.34","2,130.46","2,133.22","2,110.92","897.95M","-0.86%"
"2023-7-11","2,131.71","2,117.64","2,132.56","2,107.07","732.77M","0.90%"
"2023-7-10","2,112.66","2,084.31","2,128.17","2,084.31","882.53M","1.63%"
"2023-7-7","2,078.68","2,098.01","2,098.72","2,078.68","782.97M","-1.22%"
"2023-7-6","2,104.37","2,118.79","2,131.58","2,101.66","809.92M","-1.01%"
"2023-7-5","2,125.76","2,145.78","2,155.79","2,122.89","885.83M","-0.77%"
"2023-7-4","2,142.22","2,130.34","2,145.23","2,123.97","1.11B","0.29%"
"2023-7-3","2,136.08","2,130.44","2,148.66","2,123.49","994.16M","0.68%"
"2023-6-30","2,121.60","2,086.14","2,134.52","2,077.10","1.01B","1.67%"
"2023-6-29","2,086.72","2,090.42","2,106.74","2,085.83","904.03M","-0.28%"
"2023-6-28","2,092.48","2,092.70","2,100.60","2,073.22","912.34M","-0.39%"
"2023-6-27","2,100.73","2,096.61","2,115.83","2,088.92","772.10M","0.11%"
"2023-6-26","2,098.46","2,090.65","2,124.66","2,082.29","1.11B","-1.04%"
"2023-6-21","2,120.54","2,168.61","2,177.37","2,120.54","1.21B","-2.76%"
"2023-6-20","2,180.77","2,173.35","2,186.21","2,164.56","1.05B","0.28%"
"2023-6-19","2,174.64","2,185.08","2,187.11","2,164.54","1.08B","-0.37%"
"2023-6-16","2,182.66","2,152.24","2,184.72","2,143.20","1.29B","1.73%"
"2023-6-15","2,145.57","2,071.11","2,145.57","2,071.11","1.45B","4.27%"
"2023-6-14","2,057.70","2,072.58","2,074.23","2,057.70","979.70M","-0.17%"
"2023-6-13","2,061.28","2,043.69","2,064.64","2,042.91","937.76M","0.66%"
"2023-6-12","2,047.84","2,029.20","2,058.23","2,023.60","929.35M","0.58%"
"2023-6-9","2,035.94","2,018.68","2,035.94","2,015.94","1.12B","0.79%"
"2023-6-8","2,019.96","2,037.88","2,042.85","2,014.91","889.67M","-0.31%"
"2023-6-7","2,026.23","2,063.50","2,066.47","2,021.86","819.09M","-2.10%"
"2023-6-6","2,069.63","2,094.46","2,096.00","2,068.50","853.22M","-1.47%"
"2023-6-5","2,100.56","2,132.73","2,132.78","2,096.41","746.25M","-1.83%"
"2023-6-2","2,139.81","2,116.53","2,148.02","2,116.53","912.84M","1.43%"
"2023-6-1","2,109.66","2,097.33","2,129.27","2,090.11","914.36M","0.63%"
"2023-5-31","2,096.50","2,123.38","2,124.16","2,088.70","870.16M","-1.33%"
"2023-5-30","2,124.76","2,109.38","2,132.07","2,091.70","967.24M","0.55%"
"2023-5-29","2,113.11","2,151.84","2,153.46","2,104.85","936.13M","-1.53%"
"2023-5-26","2,145.90","2,168.44","2,168.44","2,131.89","636.24M","-1.07%"
"2023-5-25","2,169.13","2,165.19","2,182.59","2,156.19","837.15M","-0.03%"
"2023-5-24","2,169.76","2,170.34","2,194.34","2,164.64","669.50M","-0.36%"
"2023-5-23","2,177.66","2,209.31","2,211.94","2,177.66","627.29M","-1.27%"
"2023-5-22","2,205.62","2,201.27","2,219.50","2,188.88","649.54M","0.22%"
"2023-5-19","2,200.72","2,197.87","2,214.03","2,189.05","687.97M","0.02%"
"2023-5-18","2,200.18","2,231.43","2,232.04","2,186.62","762.50M","-1.29%"
"2023-5-17","2,228.87","2,233.60","2,241.88","2,215.73","680.71M","-0.16%"
"2023-5-16","2,232.37","2,236.46","2,243.82","2,223.96","903.95M","-0.12%"
"2023-5-15","2,234.94","2,195.61","2,235.16","2,193.52","1.09B","2.21%"
"2023-5-12","2,186.66","2,216.19","2,226.66","2,186.29","769.57M","-1.18%"
"2023-5-11","2,212.68","2,187.42","2,231.99","2,187.17","859.17M","1.15%"
"2023-5-10","2,187.49","2,154.61","2,198.59","2,138.54","1.03B","1.29%"
"2023-5-9","2,159.64","2,184.23","2,192.59","2,159.44","1.33B","-1.24%"
"2023-5-8","2,186.84","2,186.32","2,189.33","2,160.37","996.76M","0.47%"
"2023-5-5","2,176.70","2,194.18","2,196.37","2,162.99","930.97M","-1.03%"
"2023-5-4","2,199.30","2,219.94","2,226.34","2,193.07","889.59M","-1.21%"
"2023-4-28","2,226.31","2,223.21","2,240.92","2,207.98","1.01B","0.30%"
"2023-4-27","2,219.73","2,196.00","2,228.17","2,193.00","1.07B","0.67%"
"2023-4-26","2,205.04","2,142.98","2,221.11","2,140.18","1.30B","2.40%"
"2023-4-25","2,153.44","2,204.89","2,207.31","2,141.52","1.35B","-2.18%"
"2023-4-24","2,201.51","2,247.66","2,248.96","2,189.40","1.24B","-2.31%"
"2023-4-21","2,253.53","2,298.18","2,306.98","2,251.14","1.23B","-1.57%"
"2023-4-20","2,289.53","2,331.61","2,331.61","2,283.97","998.44M","-1.90%"
"2023-4-19","2,333.90","2,351.25","2,351.25","2,332.11","951.91M","-0.74%"
"2023-4-18","2,351.25","2,353.05","2,376.61","2,346.88","1.04B","-0.32%"
"2023-4-17","2,358.80","2,338.99","2,365.18","2,338.99","1.08B","0.49%"
"2023-4-14","2,347.26","2,321.36","2,352.07","2,321.36","1.02B","1.23%"
"2023-4-13","2,318.70","2,329.27","2,338.31","2,317.94","1.02B","-1.01%"
"2023-4-12","2,342.42","2,357.85","2,359.00","2,331.69","1.08B","-0.67%"
"2023-4-11","2,358.21","2,371.12","2,388.73","2,346.08","1.04B","-0.26%"
"2023-4-10","2,364.42","2,367.37","2,372.46","2,345.87","1.19B","0.52%"
"2023-4-7","2,352.23","2,326.11","2,363.17","2,325.50","1.13B","0.91%"
"2023-4-6","2,331.02","2,315.02","2,333.76","2,307.96","1.26B","-0.08%"
"2023-4-4","2,332.89","2,363.28","2,364.61","2,316.65","1.61B","-1.29%"
"2023-4-3","2,363.45","2,333.99","2,365.85","2,329.14","2.01B","1.62%"
"2023-3-31","2,325.70","2,323.46","2,337.87","2,318.44","936.22M","0.28%"
"2023-3-30","2,319.20","2,307.48","2,322.15","2,297.56","746.97M","0.53%"
"2023-3-29","2,306.99","2,304.57","2,319.98","2,302.98","815.21M","0.22%"
"2023-3-28","2,301.98","2,321.81","2,321.85","2,297.57","972.20M","-1.18%"
"2023-3-27","2,329.55","2,298.65","2,332.09","2,298.12","1.27B","0.97%"
"2023-3-24","2,307.10","2,306.96","2,316.07","2,292.94","1.15B","0.18%"
"2023-3-23","2,303.01","2,277.25","2,303.01","2,273.26","1.03B","0.64%"
"2023-3-22","2,288.42","2,306.69","2,319.13","2,278.80","1.26B","-0.22%"
"2023-3-21","2,293.53","2,252.63","2,293.89","2,252.25","827.50M","2.12%"
"2023-3-20","2,245.91","2,235.28","2,272.17","2,222.89","933.45M","0.25%"
"2023-3-17","2,240.34","2,277.52","2,281.14","2,235.69","1.03B","-0.84%"
"2023-3-16","2,259.25","2,273.75","2,289.15","2,255.18","789.66M","-1.43%"
"2023-3-15","2,291.95","2,315.83","2,331.45","2,289.63","657.65M","-0.26%"
"2023-3-14","2,297.86","2,314.17","2,317.65","2,262.03","761.32M","-0.89%"
"2023-3-13","2,318.38","2,328.62","2,345.54","2,310.07","702.06M","-0.92%"
"2023-3-10","2,339.90","2,333.17","2,359.36","2,319.74","674.68M","0.12%"
"2023-3-9","2,337.05","2,342.79","2,354.14","2,329.65","638.29M","-0.21%"
"2023-3-8","2,341.97","2,342.25","2,358.06","2,330.52","615.00M","-0.36%"
"2023-3-7","2,350.43","2,384.08","2,393.41","2,350.04","825.82M","-1.85%"
"2023-3-6","2,394.63","2,384.32","2,397.80","2,349.97","765.13M","0.40%"
"2023-3-3","2,385.10","2,386.57","2,398.26","2,368.36","599.55M","0.25%"
"2023-3-2","2,379.21","2,402.58","2,405.58","2,374.61","723.28M","-1.22%"
"2023-3-1","2,408.70","2,394.35","2,414.22","2,379.98","790.39M","0.54%"
"2023-2-28","2,395.72","2,384.75","2,401.00","2,375.41","613.59M","0.77%"
"2023-2-27","2,377.53","2,382.72","2,400.23","2,370.96","604.88M","-0.81%"
"2023-2-24","2,396.90","2,431.28","2,431.64","2,393.20","725.26M","-1.48%"
"2023-2-23","2,432.89","2,421.93","2,443.82","2,421.58","734.60M","0.46%"
"2023-2-22","2,421.71","2,425.73","2,443.26","2,416.20","626.20M","-0.96%"
"2023-2-21","2,445.27","2,450.72","2,456.10","2,428.48","703.50M","-0.60%"
"2023-2-20","2,459.99","2,421.55","2,460.75","2,398.78","881.11M","1.30%"
"2023-2-17","2,428.33","2,491.32","2,497.66","2,428.15","779.59M","-2.69%"
"2023-2-16","2,495.58","2,532.06","2,549.96","2,477.64","1.02B","-1.25%"
"2023-2-15","2,527.29","2,553.18","2,565.52","2,524.84","803.77M","-0.98%"
"2023-2-14","2,552.41","2,579.75","2,579.84","2,538.42","704.02M","-0.44%"
"2023-2-13","2,563.79","2,539.87","2,571.67","2,533.14","759.30M","1.00%"
"2023-2-10","2,538.49","2,561.37","2,565.20","2,524.58","722.86M","-1.08%"
"2023-2-9","2,566.22","2,520.60","2,566.87","2,514.16","851.68M","1.60%"
"2023-2-8","2,525.90","2,540.42","2,551.17","2,522.61","713.57M","-0.34%"
"2023-2-7","2,534.64","2,549.44","2,556.21","2,519.35","717.12M","-0.25%"
"2023-2-6","2,540.99","2,561.66","2,561.66","2,518.90","861.65M","-1.67%"
"2023-2-3","2,584.24","2,602.15","2,615.21","2,556.17","866.94M","-1.06%"
"2023-2-2","2,611.86","2,637.01","2,646.46","2,607.45","1.05B","-0.70%"
"2023-2-1","2,630.18","2,610.38","2,630.18","2,587.36","1.09B","1.29%"
"2023-1-31","2,596.61","2,627.24","2,638.77","2,590.17","983.00M","-1.36%"
"2023-1-30","2,632.38","2,684.87","2,689.53","2,630.21","1.41B","1.29%"
"2023-1-20","2,598.78","2,589.26","2,603.53","2,581.22","778.78M","0.73%"
"2023-1-19","2,580.03","2,552.84","2,580.03","2,543.71","781.18M","0.91%"
"2023-1-18","2,556.66","2,563.45","2,570.09","2,547.46","632.37M","-0.15%"
"2023-1-17","2,560.37","2,551.36","2,570.49","2,549.08","784.88M","0.36%"
"2023-1-16","2,551.12","2,502.75","2,581.29","2,502.57","1.33B","1.78%"
"2023-1-13","2,506.45","2,492.40","2,506.45","2,472.33","870.05M","1.46%"
"2023-1-12","2,470.34","2,468.72","2,491.64","2,460.08","728.12M","0.59%"
"2023-1-11","2,455.90","2,482.86","2,494.43","2,452.48","816.11M","-1.19%"
"2023-1-10","2,485.58","2,445.31","2,493.26","2,441.32","899.82M","1.74%"
"2023-1-9","2,443.10","2,437.50","2,464.56","2,430.02","949.33M","0.81%"
"2023-1-6","2,423.53","2,387.53","2,448.24","2,386.32","928.06M","1.18%"
"2023-1-5","2,395.30","2,327.53","2,402.43","2,327.48","1.08B","3.42%"
"2023-1-4","2,316.06","2,329.81","2,337.90","2,307.09","738.11M","-1.08%"
"2023-1-3","2,341.30","2,332.02","2,347.82","2,298.22","852.54M","0.06%"
"2022-12-30","2,339.95","2,360.42","2,367.73","2,339.95","579.01M","-0.25%"
"2022-12-29","2,345.89","2,324.73","2,363.54","2,324.26","599.33M","0.45%"
"2022-12-28","2,335.32","2,340.87","2,344.50","2,312.40","660.17M","-0.90%"
"2022-12-27","2,356.46","2,331.41","2,361.00","2,322.14","777.97M","1.22%"
"2022-12-26","2,328.14","2,282.85","2,332.74","2,281.69","654.00M","2.19%"
"2022-12-23","2,278.35","2,273.00","2,294.09","2,264.73","610.99M","-0.43%"
"2022-12-22","2,288.21","2,317.86","2,323.73","2,281.58","693.67M","-0.54%"
"2022-12-21","2,300.70","2,311.02","2,320.97","2,290.54","564.17M","-0.35%"
"2022-12-20","2,308.85","2,338.97","2,341.62","2,307.49","616.98M","-1.54%"
"2022-12-19","2,345.04","2,369.33","2,390.98","2,335.94","831.16M","-0.97%"
"2022-12-16","2,368.11","2,379.01","2,389.72","2,356.21","682.55M","-1.20%"
"2022-12-15","2,396.81","2,352.74","2,397.03","2,350.85","791.59M","1.76%"
"2022-12-14","2,355.47","2,375.69","2,382.62","2,349.46","771.99M","-0.39%"
"2022-12-13","2,364.64","2,400.02","2,401.45","2,359.82","777.74M","-1.35%"
"2022-12-12","2,397.11","2,409.66","2,419.56","2,396.64","872.68M","-1.04%"
"2022-12-9","2,422.26","2,415.03","2,423.79","2,393.26","1.17B","0.35%"
"2022-12-8","2,413.79","2,408.76","2,425.48","2,396.24","864.19M","0.17%"
"2022-12-7","2,409.63","2,371.02","2,427.93","2,371.02","1.04B","1.14%"
"2022-12-6","2,382.38","2,351.85","2,402.43","2,351.40","1.12B","0.79%"
"2022-12-5","2,363.75","2,373.07","2,379.11","2,351.48","1.24B","-0.22%"
"2022-12-2","2,369.04","2,369.40","2,398.88","2,358.59","803.10M","-0.14%"
"2022-12-1","2,372.31","2,379.97","2,396.60","2,372.18","1.23B","1.59%"
"2022-11-30","2,335.16","2,323.98","2,338.08","2,308.75","856.46M","0.33%"
"2022-11-29","2,327.59","2,289.12","2,336.77","2,282.92","1.11B","1.81%"
"2022-11-28","2,286.22","2,252.15","2,289.46","2,248.07","736.70M","-0.56%"
"2022-11-25","2,299.20","2,315.59","2,319.00","2,295.35","641.73M","-1.22%"
"2022-11-24","2,327.58","2,343.35","2,350.08","2,322.74","669.51M","-0.20%"
"2022-11-23","2,332.16","2,325.59","2,349.82","2,292.03","827.76M","0.14%"
"2022-11-22","2,328.81","2,367.13","2,367.84","2,319.87","958.74M","-1.88%"
"2022-11-21","2,373.54","2,356.34","2,378.43","2,348.46","966.63M","-0.16%"
"2022-11-18","2,377.35","2,378.25","2,408.05","2,363.68","1.13B","0.41%"
"2022-11-17","2,367.71","2,377.33","2,377.33","2,332.35","1.05B","-1.05%"
"2022-11-16","2,392.72","2,417.70","2,434.61","2,389.43","1.26B","-1.31%"
"2022-11-15","2,424.51","2,363.22","2,425.80","2,339.36","1.49B","2.58%"
"2022-11-14","2,363.46","2,402.39","2,417.50","2,352.52","1.30B","-1.46%"
"2022-11-11","2,398.58","2,430.14","2,435.69","2,393.10","1.70B","2.56%"
"2022-11-10","2,338.70","2,364.51","2,378.81","2,326.06","1.07B","-1.96%"
"2022-11-9","2,385.48","2,410.05","2,419.82","2,384.50","769.02M","-1.51%"
"2022-11-8","2,422.09","2,442.48","2,455.50","2,400.16","932.94M","-0.94%"
"2022-11-7","2,444.97","2,435.20","2,460.64","2,420.55","1.16B","0.29%"
"2022-11-4","2,437.96","2,356.17","2,451.87","2,355.77","1.44B","3.61%"
"2022-11-3","2,353.07","2,332.39","2,364.22","2,329.42","1.01B","-0.13%"
"2022-11-2","2,356.20","2,301.35","2,377.77","2,297.82","1.57B","1.80%"
"2022-11-1","2,314.65","2,245.54","2,314.74","2,224.65","1.24B","3.39%"
"2022-10-31","2,238.80","2,198.86","2,271.91","2,197.87","1.03B","0.79%"
"2022-10-28","2,221.14","2,288.77","2,301.67","2,216.92","1.20B","-4.03%"
"2022-10-27","2,314.43","2,359.63","2,361.38","2,314.30","1.39B","-1.74%"
"2022-10-26","2,355.50","2,309.01","2,379.52","2,301.36","1.30B","2.66%"
"2022-10-25","2,294.39","2,303.23","2,326.94","2,261.56","1.26B","-0.93%"
"2022-10-24","2,315.83","2,366.30","2,390.91","2,301.61","1.06B","-2.62%"
"2022-10-21","2,378.26","2,372.48","2,395.65","2,365.62","748.43M","-0.31%"
"2022-10-20","2,385.55","2,393.06","2,428.40","2,348.31","911.94M","-1.40%"
"2022-10-19","2,419.46","2,426.94","2,458.77","2,418.47","779.99M","-0.54%"
"2022-10-18","2,432.53","2,433.33","2,457.79","2,413.97","803.63M","0.50%"
"2022-10-17","2,420.32","2,410.40","2,435.06","2,390.89","932.04M","-0.31%"
"2022-10-14","2,427.92","2,372.78","2,451.30","2,352.66","1.17B","3.67%"
"2022-10-13","2,342.03","2,322.42","2,371.42","2,315.67","768.48M","0.01%"
"2022-10-12","2,341.76","2,245.22","2,342.36","2,223.44","854.74M","4.22%"
"2022-10-11","2,246.97","2,236.97","2,258.82","2,228.25","631.56M","1.56%"
"2022-10-10","2,212.47","2,268.65","2,278.63","2,207.18","683.47M","-2.29%"
"2022-9-30","2,264.40","2,316.86","2,318.63","2,263.75","656.79M","-2.09%"
"2022-9-29","2,312.69","2,324.43","2,337.10","2,298.23","681.08M","0.85%"
"2022-9-28","2,293.14","2,348.98","2,348.98","2,293.14","712.52M","-2.66%"
"2022-9-27","2,355.93","2,326.42","2,355.93","2,313.46","758.04M","1.91%"
"2022-9-26","2,311.81","2,266.75","2,347.32","2,265.24","721.54M","1.23%"
"2022-9-23","2,283.79","2,299.20","2,317.89","2,255.37","693.28M","-0.54%"
"2022-9-22","2,296.26","2,284.84","2,323.79","2,273.39","647.58M","-0.59%"
"2022-9-21","2,309.95","2,328.92","2,335.52","2,300.05","739.34M","-1.47%"
"2022-9-20","2,344.35","2,336.09","2,377.16","2,324.74","668.07M","1.12%"
"2022-9-19","2,318.38","2,325.83","2,357.26","2,307.55","847.96M","-0.68%"
"2022-9-16","2,334.21","2,392.06","2,402.32","2,333.04","1.35B","-2.63%"
"2022-9-15","2,397.33","2,489.76","2,492.90","2,378.79","962.46M","-3.36%"
"2022-9-14","2,480.78","2,496.89","2,514.68","2,462.09","682.49M","-2.20%"
"2022-9-13","2,536.58","2,557.49","2,560.27","2,523.00","724.43M","-0.03%"
"2022-9-9","2,537.40","2,522.59","2,540.75","2,513.17","781.05M","1.18%"
"2022-9-8","2,507.80","2,561.65","2,563.52","2,506.29","716.57M","-2.09%"
"2022-9-7","2,561.46","2,506.92","2,575.21","2,503.11","744.26M","1.47%"
"2022-9-6","2,524.24","2,525.97","2,528.75","2,471.93","769.52M","0.03%"
"2022-9-5","2,523.48","2,510.61","2,540.83","2,504.03","725.64M","0.27%"
"2022-9-2","2,516.70","2,541.21","2,543.47","2,499.11","703.66M","-0.25%"
"2022-9-1","2,522.89","2,554.39","2,578.59","2,520.89","761.43M","-1.72%"
"2022-8-31","2,567.03","2,590.75","2,607.85","2,542.30","1.08B","-1.62%"
"2022-8-30","2,609.23","2,629.94","2,633.31","2,590.85","813.43M","-0.80%"
"2022-8-29","2,630.16","2,603.34","2,640.62","2,598.58","809.21M","-0.69%"
"2022-8-26","2,648.32","2,679.65","2,689.13","2,642.71","896.66M","-1.23%"
"2022-8-25","2,681.27","2,706.90","2,712.33","2,644.22","987.07M","-0.61%"
"2022-8-24","2,697.69","2,831.59","2,835.08","2,694.90","1.25B","-3.85%"
"2022-8-23","2,805.63","2,795.26","2,830.36","2,785.93","1.01B","0.23%"
"2022-8-22","2,799.29","2,749.12","2,803.60","2,728.54","1.10B","1.68%"
"2022-8-19","2,753.08","2,805.79","2,805.86","2,750.92","1.29B","-1.68%"
"2022-8-18","2,800.03","2,793.85","2,826.62","2,792.71","1.32B","0.00%"
"2022-8-17","2,800.08","2,750.07","2,807.49","2,730.14","1.47B","2.15%"
"2022-8-16","2,741.24","2,738.18","2,775.62","2,730.23","1.00B","0.45%"
"2022-8-15","2,728.91","2,690.57","2,749.24","2,690.25","1.02B","1.37%"
"2022-8-12","2,691.99","2,713.27","2,719.48","2,690.31","1.07B","-1.14%"
"2022-8-11","2,723.07","2,670.24","2,727.95","2,645.15","1.78B","2.50%"
"2022-8-10","2,656.55","2,691.45","2,693.54","2,643.23","933.67M","-1.51%"
"2022-8-9","2,697.32","2,661.40","2,707.31","2,651.75","856.27M","1.06%"
"2022-8-8","2,669.01","2,660.33","2,674.46","2,633.66","856.09M","-0.40%"
"2022-8-5","2,679.60","2,646.91","2,684.54","2,635.96","1.08B","1.40%"
"2022-8-4","2,642.64","2,645.72","2,657.91","2,611.53","829.69M","0.52%"
"2022-8-3","2,628.99","2,698.88","2,728.98","2,618.94","1.09B","-2.20%"
"2022-8-2","2,688.13","2,697.77","2,725.47","2,662.42","1.27B","-1.98%"
"2022-8-1","2,742.34","2,661.60","2,744.04","2,639.63","1.07B","2.68%"
"2022-7-29","2,670.86","2,723.11","2,726.35","2,665.93","944.11M","-1.41%"
"2022-7-28","2,709.14","2,738.95","2,754.46","2,705.08","1.19B","-0.32%"
"2022-7-27","2,717.88","2,716.88","2,738.61","2,698.18","713.64M","-0.06%"
"2022-7-26","2,719.47","2,713.06","2,735.41","2,687.58","662.66M","0.37%"
"2022-7-25","2,709.40","2,738.06","2,741.94","2,697.22","761.03M","-1.31%"
"2022-7-22","2,745.45","2,784.74","2,797.80","2,721.70","906.37M","-0.21%"
"2022-7-21","2,751.21","2,757.31","2,800.60","2,741.03","886.72M","-0.57%"
"2022-7-20","2,767.01","2,773.89","2,794.60","2,759.50","861.69M","0.36%"
"2022-7-19","2,757.13","2,820.67","2,820.67","2,745.56","979.38M","-2.33%"
"2022-7-18","2,822.81","2,796.98","2,836.98","2,752.13","1.08B","1.68%"
"2022-7-15","2,776.12","2,824.84","2,857.29","2,776.12","1.00B","-2.30%"
"2022-7-14","2,841.46","2,751.36","2,866.26","2,747.24","1.01B","3.00%"
"2022-7-13","2,758.57","2,712.98","2,777.14","2,675.69","904.76M","1.84%"
"2022-7-12","2,708.70","2,774.13","2,782.49","2,699.84","955.54M","-2.27%"
"2022-7-11","2,771.60","2,814.74","2,815.11","2,747.90","1.08B","-2.05%"
"2022-7-8","2,829.56","2,891.05","2,914.10","2,820.77","1.52B","-1.47%"
"2022-7-7","2,871.77","2,827.02","2,874.79","2,808.25","1.15B","2.12%"
"2022-7-6","2,812.10","2,839.96","2,873.25","2,785.48","1.20B","-0.74%"
"2022-7-5","2,832.92","2,853.39","2,878.60","2,786.15","1.35B","-0.25%"
"2022-7-4","2,840.04","2,770.73","2,845.28","2,755.25","1.21B","1.51%"
"2022-7-1","2,797.92","2,825.02","2,841.22","2,782.69","1.21B","-0.98%"
"2022-6-30","2,825.48","2,788.17","2,849.15","2,783.01","1.29B","1.64%"
"2022-6-29","2,779.82","2,824.48","2,859.50","2,774.75","1.53B","-2.52%"
"2022-6-28","2,851.69","2,841.37","2,863.84","2,776.41","1.42B","0.19%"
"2022-6-27","2,846.37","2,865.55","2,887.21","2,833.62","1.38B","-0.19%"
"2022-6-24","2,851.66","2,807.08","2,851.69","2,778.68","1.27B","2.43%"
"2022-6-23","2,783.93","2,712.65","2,783.93","2,690.14","1.49B","3.41%"
"2022-6-22","2,692.05","2,715.47","2,740.36","2,691.99","1.35B","-0.49%"
"2022-6-21","2,705.42","2,720.95","2,736.03","2,675.45","1.31B","-0.65%"
"2022-6-20","2,723.05","2,680.87","2,759.90","2,680.31","1.33B","2.30%"
"2022-6-17","2,661.85","2,553.63","2,672.39","2,552.25","1.46B","3.17%"
"2022-6-16","2,580.00","2,578.98","2,613.91","2,569.38","1.56B","0.06%"
"2022-6-15","2,578.48","2,558.43","2,640.09","2,545.64","2.07B","1.38%"
"2022-6-14","2,543.35","2,506.70","2,547.03","2,449.47","1.44B","0.10%"
"2022-6-13","2,540.81","2,518.69","2,560.30","2,516.51","1.24B","-0.60%"
"2022-6-10","2,556.25","2,472.78","2,557.87","2,472.43","1.20B","2.59%"
"2022-6-9","2,491.69","2,554.57","2,557.40","2,484.42","1.10B","-3.31%"
"2022-6-8","2,577.03","2,561.38","2,577.03","2,500.62","1.26B","0.83%"
"2022-6-7","2,555.84","2,558.06","2,582.11","2,531.18","1.26B","-0.03%"
"2022-6-6","2,556.67","2,448.07","2,565.75","2,447.96","1.56B","4.39%"
"2022-6-2","2,449.24","2,407.24","2,455.36","2,401.84","1.19B","1.30%"
"2022-6-1","2,417.74","2,386.23","2,430.96","2,377.31","1.18B","1.25%"
"2022-5-31","2,387.93","2,332.19","2,395.14","2,302.28","1.39B","2.38%"
"2022-5-30","2,332.34","2,322.95","2,344.19","2,306.43","762.82M","1.12%"
"2022-5-27","2,306.57","2,324.38","2,365.49","2,296.11","839.80M","0.22%"
"2022-5-26","2,301.39","2,317.73","2,327.35","2,266.34","908.27M","-0.56%"
"2022-5-25","2,314.41","2,318.58","2,328.38","2,293.42","772.51M","-0.02%"
"2022-5-24","2,314.92","2,394.76","2,394.76","2,313.00","1.13B","-3.64%"
"2022-5-23","2,402.31","2,419.99","2,420.97","2,375.63","879.72M","-0.54%"
"2022-5-20","2,415.43","2,396.29","2,425.70","2,381.06","1.17B","1.76%"
"2022-5-19","2,373.72","2,324.41","2,374.73","2,319.70","915.99M","0.60%"
"2022-5-18","2,359.54","2,372.83","2,379.94","2,349.01","927.80M","-0.31%"
"2022-5-17","2,366.96","2,324.08","2,369.34","2,313.55","918.61M","2.06%"
"2022-5-16","2,319.19","2,369.58","2,391.64","2,318.57","777.21M","-1.28%"
"2022-5-13","2,349.23","2,355.34","2,366.01","2,323.97","741.80M","0.49%"
"2022-5-12","2,337.67","2,312.01","2,356.00","2,310.69","967.21M","0.17%"
"2022-5-11","2,333.63","2,254.98","2,390.17","2,249.03","1.58B","3.71%"
"2022-5-10","2,250.22","2,158.49","2,263.21","2,154.08","1.07B","2.50%"
"2022-5-9","2,195.23","2,206.62","2,233.55","2,180.95","747.20M","-0.95%"
"2022-5-6","2,216.30","2,201.71","2,249.84","2,197.81","917.12M","-2.17%"
"2022-5-5","2,265.51","2,241.46","2,296.20","2,216.58","1.16B","-1.89%"
"2022-4-29","2,309.12","2,229.87","2,312.40","2,194.58","1.65B","4.61%"
"2022-4-28","2,207.37","2,225.85","2,248.61","2,186.67","1.19B","-1.73%"
"2022-4-27","2,246.28","2,088.39","2,249.96","2,088.39","1.53B","5.91%"
"2022-4-26","2,121.01","2,139.78","2,186.65","2,120.56","1.31B","-0.79%"
"2022-4-25","2,137.85","2,205.72","2,229.43","2,137.17","1.41B","-5.81%"
"2022-4-22","2,269.62","2,265.46","2,294.86","2,253.68","1.01B","-0.44%"
"2022-4-21","2,279.69","2,312.43","2,339.70","2,264.58","1.13B","-1.87%"
"2022-4-20","2,323.08","2,412.56","2,415.17","2,317.35","1.02B","-4.35%"
"2022-4-19","2,428.79","2,464.45","2,494.81","2,419.54","762.06M","-1.64%"
"2022-4-18","2,469.23","2,422.12","2,474.17","2,395.58","829.66M","0.70%"
"2022-4-15","2,452.02","2,430.67","2,476.54","2,405.23","891.53M","-0.20%"
"2022-4-14","2,456.87","2,496.86","2,499.82","2,433.65","1.00B","-0.24%"
"2022-4-13","2,462.71","2,487.67","2,510.68","2,462.71","843.08M","-2.04%"
"2022-4-12","2,514.11","2,449.45","2,514.11","2,449.45","1.01B","2.60%"
"2022-4-11","2,450.39","2,529.33","2,529.48","2,444.12","1.03B","-4.57%"
"2022-4-8","2,567.85","2,566.64","2,610.39","2,543.46","947.21M","0.01%"
"2022-4-7","2,567.69","2,595.45","2,619.13","2,564.31","915.78M","-1.96%"
"2022-4-6","2,618.91","2,651.69","2,652.06","2,599.40","860.16M","-1.38%"
"2022-4-1","2,655.59","2,628.88","2,678.63","2,621.22","938.44M","0.27%"
"2022-3-31","2,648.38","2,668.35","2,672.34","2,632.32","902.27M","-1.29%"
"2022-3-30","2,682.89","2,589.76","2,682.89","2,588.24","1.13B","4.57%"
"2022-3-29","2,565.61","2,578.08","2,610.76","2,553.49","774.00M","-0.07%"
"2022-3-28","2,567.50","2,604.41","2,604.41","2,547.90","764.61M","-1.98%"
"2022-3-25","2,619.27","2,690.65","2,702.03","2,619.27","816.81M","-2.79%"
"2022-3-24","2,694.41","2,677.63","2,713.99","2,634.01","905.02M","-0.15%"
"2022-3-23","2,698.47","2,694.03","2,707.70","2,667.37","817.19M","1.07%"
"2022-3-22","2,669.90","2,704.62","2,704.62","2,657.67","830.07M","-1.60%"
"2022-3-21","2,713.29","2,723.27","2,750.38","2,690.96","1.14B","0.39%"
"2022-3-18","2,702.84","2,686.79","2,717.87","2,653.68","1.13B","-0.09%"
"2022-3-17","2,705.40","2,681.71","2,762.54","2,681.41","1.86B","3.11%"
"2022-3-16","2,623.90","2,523.73","2,629.00","2,463.48","1.87B","5.96%"
"2022-3-15","2,476.24","2,509.49","2,588.93","2,476.24","1.50B","-2.16%"
"2022-3-14","2,530.78","2,597.34","2,609.10","2,530.23","1.13B","-3.71%"
"2022-3-11","2,628.21","2,554.73","2,632.32","2,524.61","1.32B","0.98%"
"2022-3-10","2,602.73","2,613.35","2,635.07","2,591.69","1.20B","2.85%"
"2022-3-9","2,530.52","2,554.99","2,567.79","2,425.17","1.32B","-0.44%"
"2022-3-8","2,541.61","2,597.53","2,607.84","2,524.88","1.14B","-1.49%"
"2022-3-7","2,580.00","2,670.39","2,674.24","2,570.93","1.11B","-4.67%"
"2022-3-4","2,706.31","2,729.36","2,760.14","2,694.31","919.60M","-1.99%"
"2022-3-3","2,761.30","2,823.58","2,826.78","2,757.76","803.91M","-1.56%"
"2022-3-2","2,805.14","2,846.09","2,846.09","2,780.38","717.65M","-2.10%"
"2022-3-1","2,865.26","2,879.74","2,890.55","2,844.06","964.80M","0.08%"
"2022-2-28","2,862.98","2,824.12","2,862.98","2,817.42","897.05M","0.86%"
"2022-2-25","2,838.68","2,808.73","2,869.87","2,808.73","1.15B","2.88%"
"2022-2-24","2,759.13","2,787.85","2,829.23","2,720.96","1.34B","-2.07%"
"2022-2-23","2,817.40","2,736.80","2,818.72","2,735.17","1.14B","3.24%"
"2022-2-22","2,728.91","2,743.40","2,743.40","2,702.35","1.11B","-1.29%"
"2022-2-21","2,764.51","2,802.19","2,802.81","2,754.12","1.12B","-1.24%"
"2022-2-18","2,799.14","2,798.81","2,809.75","2,778.20","812.13M","-0.81%"
"2022-2-17","2,822.06","2,790.48","2,847.51","2,781.14","920.47M","0.98%"
"2022-2-16","2,794.77","2,800.72","2,820.59","2,781.56","881.83M","0.30%"
"2022-2-15","2,786.39","2,710.43","2,788.10","2,704.21","1.07B","3.38%"
"2022-2-14","2,695.27","2,685.19","2,743.48","2,672.72","1.27B","-0.54%"
"2022-2-11","2,709.84","2,766.99","2,783.01","2,705.33","994.72M","-3.10%"
"2022-2-10","2,796.44","2,876.55","2,876.55","2,760.60","939.07M","-2.40%"
"2022-2-9","2,865.23","2,829.72","2,870.67","2,793.23","912.73M","1.24%"
"2022-2-8","2,830.18","2,914.01","2,914.01","2,762.29","957.37M","-3.04%"
"2022-2-7","2,919.02","2,982.87","3,004.95","2,904.50","972.96M","0.25%"
"2022-1-28","2,911.65","2,953.50","2,968.15","2,884.09","861.00M","0.05%"
"2022-1-27","2,910.21","3,002.55","3,009.57","2,907.48","945.92M","-3.49%"
"2022-1-26","3,015.40","3,004.98","3,018.58","2,959.38","865.14M","1.11%"
"2022-1-25","2,982.36","3,032.27","3,057.60","2,982.36","1.09B","-2.41%"
"2022-1-24","3,055.96","3,005.97","3,072.18","3,004.92","990.05M","0.96%"
"2022-1-21","3,027.04","3,038.44","3,064.00","3,010.23","1.03B","-0.83%"
"2022-1-20","3,052.27","3,050.64","3,084.62","3,040.91","1.19B","-0.08%"
"2022-1-19","3,054.83","3,128.86","3,133.06","3,028.61","1.15B","-2.41%"
"2022-1-18","3,130.19","3,156.06","3,166.10","3,122.73","1.16B","-0.85%"
"2022-1-17","3,156.94","3,115.90","3,166.56","3,104.41","1.27B","1.56%"
"2022-1-14","3,108.30","3,045.27","3,117.64","3,043.46","1.28B","1.19%"
"2022-1-13","3,071.66","3,128.24","3,132.26","3,071.66","1.08B","-1.47%"
"2022-1-12","3,117.55","3,068.63","3,122.15","3,066.89","1.14B","2.88%"
"2022-1-11","3,030.13","3,064.21","3,076.51","3,025.37","1.14B","-1.07%"
"2022-1-10","3,062.78","3,060.55","3,090.95","3,024.67","1.14B","-0.49%"
"2022-1-7","3,077.84","3,117.76","3,127.96","3,065.40","1.12B","-0.91%"
"2022-1-6","3,105.96","3,110.30","3,131.40","3,067.41","1.25B","-1.19%"
"2022-1-5","3,143.34","3,234.11","3,235.43","3,125.81","1.44B","-2.99%"
"2022-1-4","3,240.07","3,366.06","3,367.81","3,226.49","1.32B","-2.84%"
"2021-12-31","3,334.82","3,362.72","3,375.06","3,326.98","843.31M","-0.12%"
"2021-12-30","3,338.68","3,300.83","3,360.37","3,293.31","971.24M","1.31%"
"2021-12-29","3,295.67","3,349.12","3,349.12","3,294.26","882.86M","-1.65%"
"2021-12-28","3,350.98","3,318.69","3,354.41","3,295.48","903.05M","1.14%"
"2021-12-27","3,313.26","3,310.29","3,336.55","3,286.76","808.64M","0.07%"
"2021-12-24","3,310.99","3,412.53","3,415.84","3,290.18","990.97M","-2.73%"
"2021-12-23","3,403.79","3,412.04","3,428.02","3,387.50","985.33M","0.18%"
"2021-12-22","3,397.64","3,391.90","3,409.59","3,381.70","1.14B","0.48%"
"2021-12-21","3,381.40","3,363.60","3,391.44","3,335.04","847.94M","0.36%"
"2021-12-20","3,369.31","3,471.17","3,483.59","3,362.43","1.09B","-3.31%"
"2021-12-17","3,484.50","3,535.62","3,543.08","3,474.40","1.11B","-1.74%"
"2021-12-16","3,546.36","3,532.11","3,546.36","3,521.94","960.60M","0.95%"
"2021-12-15","3,512.86","3,542.85","3,574.23","3,511.04","1.05B","-0.99%"
"2021-12-14","3,547.91","3,550.70","3,561.93","3,538.58","1.11B","-0.20%"
"2021-12-13","3,554.97","3,529.45","3,568.68","3,511.62","1.30B","0.95%"
"2021-12-10","3,521.44","3,481.56","3,542.79","3,480.03","1.67B","0.22%"
"2021-12-9","3,513.59","3,475.51","3,518.55","3,448.55","1.75B","1.07%"
"2021-12-8","3,476.46","3,442.20","3,481.22","3,426.70","1.35B","1.68%"
"2021-12-7","3,419.05","3,491.10","3,491.10","3,382.64","1.31B","-1.29%"
"2021-12-6","3,463.76","3,521.94","3,548.57","3,461.11","1.40B","-2.24%"
"2021-12-3","3,543.23","3,535.60","3,552.92","3,508.13","1.10B","0.24%"
"2021-12-2","3,534.60","3,522.69","3,548.65","3,517.79","1.47B","0.16%"
"2021-12-1","3,528.81","3,556.99","3,567.84","3,513.79","1.42B","-0.91%"
"2021-11-30","3,561.06","3,593.03","3,593.03","3,537.18","1.35B","-0.33%"
"2021-11-29","3,572.97","3,524.68","3,598.97","3,524.68","1.51B","1.03%"
"2021-11-26","3,536.46","3,533.93","3,572.53","3,528.16","1.61B","-0.06%"
"2021-11-25","3,538.46","3,542.33","3,555.45","3,522.32","1.48B","-0.14%"
"2021-11-24","3,543.31","3,554.22","3,568.86","3,531.52","1.54B","-0.44%"
"2021-11-23","3,559.10","3,567.65","3,573.84","3,542.40","1.59B","-0.39%"
"2021-11-22","3,573.11","3,489.21","3,573.11","3,484.92","1.50B","2.98%"
"2021-11-19","3,469.69","3,435.94","3,469.70","3,425.41","1.34B","1.08%"
"2021-11-18","3,432.57","3,470.22","3,470.22","3,420.49","1.64B","-1.30%"
"2021-11-17","3,477.80","3,471.57","3,485.17","3,456.80","1.49B","0.87%"
"2021-11-16","3,447.90","3,454.06","3,476.88","3,439.07","1.87B","-0.18%"
"2021-11-15","3,454.23","3,495.08","3,495.08","3,436.93","1.61B","-1.02%"
"2021-11-12","3,489.94","3,509.43","3,520.23","3,467.17","1.66B","-0.46%"
"2021-11-11","3,506.04","3,463.85","3,519.13","3,462.57","1.87B","1.15%"
"2021-11-10","3,466.30","3,449.31","3,470.62","3,396.27","1.76B","-0.26%"
"2021-11-9","3,475.27","3,473.24","3,475.27","3,443.18","1.28B","0.74%"
"2021-11-8","3,449.81","3,411.70","3,466.52","3,396.97","1.56B","1.20%"
"2021-11-5","3,409.05","3,404.91","3,441.60","3,397.33","1.63B","-0.22%"
"2021-11-4","3,416.72","3,408.91","3,438.77","3,398.36","1.20B","1.08%"
"2021-11-3","3,380.23","3,400.29","3,430.34","3,351.39","1.16B","-0.77%"
"2021-11-2","3,406.47","3,396.81","3,441.01","3,370.99","1.39B","0.27%"
"2021-11-1","3,397.43","3,416.51","3,450.97","3,367.57","1.49B","-0.74%"
"2021-10-29","3,422.86","3,342.93","3,433.67","3,314.75","1.51B","2.29%"
"2021-10-28","3,346.22","3,376.41","3,413.53","3,333.90","1.12B","-0.77%"
"2021-10-27","3,372.36","3,376.23","3,382.27","3,340.78","1.35B","-0.30%"
"2021-10-26","3,382.40","3,433.40","3,433.40","3,377.13","1.58B","-0.23%"
"2021-10-25","3,390.22","3,348.80","3,396.72","3,348.80","1.21B","1.84%"
"2021-10-22","3,328.86","3,339.24","3,355.16","3,310.49","858.39M","0.16%"
"2021-10-21","3,323.48","3,321.50","3,343.50","3,297.40","813.12M","0.14%"
"2021-10-20","3,318.94","3,343.65","3,364.09","3,311.70","895.38M","-0.46%"
"2021-10-19","3,334.37","3,342.17","3,359.95","3,314.03","931.85M","0.50%"
"2021-10-18","3,317.76","3,325.57","3,325.57","3,267.24","1.10B","0.24%"
"2021-10-15","3,309.93","3,215.37","3,317.17","3,201.60","984.75M","2.36%"
"2021-10-14","3,233.69","3,239.45","3,256.82","3,221.64","799.71M","0.15%"
"2021-10-13","3,228.94","3,155.69","3,229.92","3,153.27","852.05M","2.41%"
"2021-10-12","3,152.80","3,217.36","3,219.55","3,119.22","1.06B","-2.02%"
"2021-10-11","3,217.94","3,273.63","3,286.56","3,212.38","1.02B","-1.73%"
"2021-10-8","3,274.74","3,296.61","3,323.05","3,250.29","1.06B","-0.25%"
"2021-9-30","3,282.88","3,218.49","3,296.59","3,208.93","914.02M","2.47%"
"2021-9-29","3,203.88","3,209.61","3,245.75","3,194.18","998.35M","-1.13%"
"2021-9-28","3,240.41","3,251.39","3,312.25","3,233.58","952.35M","-0.66%"
"2021-9-27","3,262.04","3,260.46","3,315.37","3,239.61","1.38B","0.72%"
"2021-9-24","3,238.69","3,207.93","3,286.44","3,197.66","1.10B","0.80%"
"2021-9-23","3,212.98","3,236.21","3,247.73","3,196.04","1.09B","0.43%"
"2021-9-22","3,199.18","3,178.74","3,240.61","3,176.56","838.95M","-0.99%"
"2021-9-17","3,231.13","3,150.02","3,241.01","3,149.23","1.17B","2.40%"
"2021-9-16","3,155.53","3,235.32","3,235.32","3,153.95","1.37B","-2.52%"
"2021-9-15","3,237.06","3,277.18","3,278.30","3,221.04","1.29B","-1.36%"
"2021-9-14","3,281.78","3,235.18","3,322.20","3,233.58","1.51B","1.66%"
"2021-9-13","3,228.12","3,262.35","3,297.82","3,214.97","1.59B","-1.01%"
"2021-9-10","3,260.99","3,232.30","3,270.83","3,213.69","1.54B","0.35%"
"2021-9-9","3,249.55","3,251.06","3,274.63","3,197.07","1.56B","0.16%"
"2021-9-8","3,244.30","3,285.08","3,310.93","3,240.42","2.08B","-0.89%"
"2021-9-7","3,273.57","3,239.20","3,280.29","3,218.26","1.53B","0.97%"
"2021-9-6","3,242.17","3,109.38","3,246.40","3,086.38","1.63B","4.47%"
"2021-9-3","3,103.30","3,157.98","3,172.11","3,088.20","1.53B","-1.22%"
"2021-9-2","3,141.72","3,188.32","3,212.51","3,135.52","1.38B","-1.53%"
"2021-9-1","3,190.56","3,213.51","3,228.30","3,124.02","1.62B","-0.65%"
"2021-8-31","3,211.47","3,279.24","3,279.24","3,173.24","1.50B","-1.88%"
"2021-8-30","3,273.02","3,276.53","3,322.69","3,247.14","1.59B","0.55%"
"2021-8-27","3,255.17","3,259.71","3,302.83","3,240.57","1.30B","-0.28%"
"2021-8-26","3,264.29","3,369.64","3,382.95","3,262.08","1.26B","-2.55%"
"2021-8-25","3,349.65","3,332.08","3,350.28","3,288.47","1.34B","0.54%"
"2021-8-24","3,331.71","3,293.15","3,353.96","3,265.03","1.48B","1.48%"
"2021-8-23","3,283.25","3,207.85","3,286.28","3,186.01","1.55B","3.39%"
"2021-8-20","3,175.52","3,255.98","3,255.98","3,145.99","1.63B","-3.08%"
"2021-8-19","3,276.50","3,263.75","3,304.51","3,226.29","1.25B","0.81%"
"2021-8-18","3,250.23","3,237.26","3,272.88","3,216.38","1.47B","0.98%"
"2021-8-17","3,218.53","3,306.08","3,326.43","3,205.06","1.41B","-2.30%"
"2021-8-16","3,294.36","3,332.91","3,352.12","3,278.97","1.14B","-1.69%"
"2021-8-13","3,350.92","3,364.64","3,450.72","3,336.60","1.25B","-1.32%"
"2021-8-12","3,395.61","3,426.58","3,451.44","3,385.21","1.32B","-1.69%"
"2021-8-11","3,454.14","3,473.94","3,491.66","3,436.63","1.27B","-0.79%"
"2021-8-10","3,481.60","3,475.65","3,493.60","3,431.56","1.33B","0.11%"
"2021-8-9","3,477.69","3,491.89","3,497.61","3,429.94","1.31B","-1.58%"
"2021-8-6","3,533.39","3,585.31","3,599.51","3,511.24","1.43B","-1.11%"
"2021-8-5","3,573.08","3,589.44","3,612.44","3,536.18","1.55B","-0.84%"
"2021-8-4","3,603.30","3,488.04","3,605.45","3,467.60","1.54B","2.91%"
"2021-8-3","3,501.55","3,529.95","3,550.13","3,479.75","1.71B","-0.77%"
"2021-8-2","3,528.86","3,495.38","3,541.72","3,434.28","1.79B","1.20%"
"2021-7-30","3,486.85","3,507.95","3,532.86","3,447.99","1.69B","-0.68%"
"2021-7-29","3,510.72","3,418.77","3,518.97","3,373.66","1.67B","5.80%"
"2021-7-28","3,318.33","3,225.76","3,342.20","3,179.82","1.57B","1.94%"
"2021-7-27","3,255.27","3,423.68","3,467.34","3,255.27","1.78B","-4.48%"
"2021-7-26","3,407.86","3,498.72","3,513.43","3,323.00","1.74B","-3.14%"
"2021-7-23","3,518.43","3,596.77","3,600.61","3,508.93","1.68B","-2.35%"
"2021-7-22","3,603.04","3,639.24","3,645.21","3,567.12","1.60B","-0.54%"
"2021-7-21","3,622.42","3,524.87","3,632.17","3,516.16","1.75B","3.29%"
"2021-7-20","3,507.04","3,471.67","3,537.87","3,458.91","1.10B","0.48%"
"2021-7-19","3,490.36","3,480.84","3,531.72","3,459.70","1.33B","0.60%"
"2021-7-16","3,469.44","3,575.05","3,575.05","3,464.31","1.31B","-3.36%"
"2021-7-15","3,590.09","3,518.61","3,590.09","3,496.61","1.34B","1.56%"
"2021-7-14","3,534.81","3,531.60","3,589.53","3,499.61","1.47B","-0.67%"
"2021-7-13","3,558.64","3,567.15","3,609.85","3,517.97","1.56B","-0.81%"
"2021-7-12","3,587.55","3,510.89","3,615.89","3,481.24","1.96B","3.63%"
"2021-7-9","3,462.04","3,466.21","3,482.99","3,379.96","1.41B","-0.75%"
"2021-7-8","3,488.05","3,490.66","3,530.66","3,472.60","1.65B","0.86%"
"2021-7-7","3,458.24","3,311.24","3,471.10","3,289.14","1.37B","4.02%"
"2021-7-6","3,324.56","3,399.83","3,413.88","3,268.79","1.32B","-1.98%"
"2021-7-5","3,391.81","3,367.20","3,429.65","3,355.41","1.31B","0.54%"
"2021-7-2","3,373.61","3,467.86","3,467.86","3,368.17","1.32B","-3.50%"
"2021-7-1","3,495.86","3,524.01","3,544.64","3,465.92","1.33B","-0.47%"
"2021-6-30","3,512.44","3,444.30","3,523.81","3,412.81","1.11B","2.42%"
"2021-6-29","3,429.43","3,463.37","3,468.53","3,414.43","1.19B","-0.04%"
"2021-6-28","3,430.67","3,362.95","3,441.39","3,348.60","1.20B","2.24%"
"2021-6-25","3,355.53","3,285.89","3,363.16","3,284.06","1.40B","2.48%"
"2021-6-24","3,274.26","3,328.57","3,331.10","3,255.47","1.25B","-1.31%"
"2021-6-23","3,317.70","3,286.45","3,347.49","3,263.49","1.41B","1.24%"
"2021-6-22","3,277.01","3,266.91","3,289.13","3,209.09","1.18B","0.39%"
"2021-6-21","3,264.24","3,228.98","3,286.50","3,194.92","1.29B","1.03%"
"2021-6-18","3,231.05","3,191.73","3,252.47","3,183.93","1.18B","2.04%"
"2021-6-17","3,166.60","3,109.50","3,177.72","3,109.50","1.12B","2.15%"
"2021-6-16","3,100.05","3,244.88","3,244.88","3,097.01","1.44B","-4.62%"
"2021-6-15","3,250.21","3,282.06","3,293.42","3,223.14","1.22B","-1.00%"
"2021-6-11","3,283.19","3,286.97","3,308.74","3,245.04","1.65B","0.64%"
"2021-6-10","3,262.21","3,175.97","3,282.03","3,175.97","1.65B","2.91%"
"2021-6-9","3,170.08","3,167.97","3,190.77","3,143.97","1.10B","-0.13%"
"2021-6-8","3,174.09","3,191.85","3,247.68","3,150.13","1.29B","-0.62%"
"2021-6-7","3,193.94","3,217.50","3,217.50","3,162.44","1.18B","-0.81%"
"2021-6-4","3,219.93","3,167.65","3,265.00","3,155.01","1.32B","1.40%"
"2021-6-3","3,175.52","3,223.77","3,238.41","3,174.38","1.30B","-1.54%"
"2021-6-2","3,225.10","3,296.12","3,298.04","3,208.87","1.23B","-1.88%"
"2021-6-1","3,286.86","3,277.75","3,295.87","3,224.09","1.24B","-0.42%"
"2021-5-31","3,300.76","3,226.06","3,303.04","3,226.06","1.41B","2.89%"
"2021-5-28","3,208.04","3,192.73","3,269.03","3,190.19","1.40B","0.60%"
"2021-5-27","3,189.03","3,158.03","3,206.59","3,132.14","1.32B","0.79%"
"2021-5-26","3,164.03","3,192.84","3,196.79","3,147.63","1.33B","-1.03%"
"2021-5-25","3,197.03","3,121.29","3,203.43","3,116.66","1.40B","3.06%"
"2021-5-24","3,102.00","3,097.31","3,110.50","3,039.57","1.23B","0.85%"
"2021-5-21","3,075.73","3,128.25","3,139.59","3,056.00","1.20B","-1.02%"
"2021-5-20","3,107.53","3,085.94","3,125.51","3,081.65","1.08B","0.71%"
"2021-5-19","3,085.75","3,044.03","3,102.36","3,039.54","1.02B","1.06%"
"2021-5-18","3,053.32","3,075.08","3,101.77","3,031.65","993.17M","-0.87%"
"2021-5-17","3,079.98","3,005.17","3,096.91","3,005.17","1.40B","3.11%"
"2021-5-14","2,987.00","2,899.79","2,995.24","2,887.94","1.38B","3.41%"
"2021-5-13","2,888.38","2,866.19","2,913.46","2,854.45","953.99M","-0.60%"
"2021-5-12","2,905.91","2,859.97","2,910.82","2,830.28","840.93M","1.34%"
"2021-5-11","2,867.38","2,847.99","2,881.44","2,805.84","912.87M","-0.22%"
"2021-5-10","2,873.71","2,870.78","2,915.42","2,849.90","1.02B","0.58%"
"2021-5-7","2,857.17","2,980.43","2,987.43","2,857.17","1.03B","-3.85%"
"2021-5-6","2,971.65","3,016.66","3,016.66","2,910.44","1.16B","-2.75%"
"2021-4-30","3,055.80","2,990.94","3,075.74","2,987.73","1.16B","1.75%"
"2021-4-29","3,003.10","3,002.34","3,017.73","2,959.04","1.22B","0.17%"
"2021-4-28","2,998.10","2,929.68","3,000.42","2,917.74","1.35B","2.61%"
"2021-4-27","2,921.87","2,898.61","2,922.68","2,878.77","1.24B","0.71%"
"2021-4-26","2,901.29","2,959.00","2,999.08","2,897.00","1.47B","-0.92%"
"2021-4-23","2,928.34","2,857.23","2,944.48","2,856.15","1.26B","2.50%"
"2021-4-22","2,857.03","2,862.47","2,871.93","2,818.46","1.15B","0.86%"
"2021-4-21","2,832.56","2,785.89","2,836.88","2,778.53","996.28M","0.82%"
"2021-4-20","2,809.56","2,796.96","2,839.18","2,781.55","1.19B","-0.29%"
"2021-4-19","2,817.85","2,683.58","2,818.83","2,674.46","1.42B","4.76%"
"2021-4-16","2,689.92","2,715.82","2,716.22","2,648.75","954.47M","-0.46%"
"2021-4-15","2,702.33","2,697.60","2,705.46","2,671.66","793.63M","-0.56%"
"2021-4-14","2,717.45","2,658.02","2,722.26","2,658.02","945.08M","2.75%"
"2021-4-13","2,644.76","2,614.36","2,685.67","2,614.36","1.01B","1.13%"
"2021-4-12","2,615.21","2,690.15","2,715.67","2,606.62","1.07B","-2.39%"
"2021-4-9","2,679.25","2,726.30","2,730.60","2,667.38","867.55M","-1.81%"
"2021-4-8","2,728.77","2,695.89","2,739.34","2,681.28","927.18M","0.66%"
"2021-4-7","2,710.92","2,755.00","2,755.00","2,677.40","988.37M","-1.12%"
"2021-4-6","2,741.54","2,776.53","2,786.01","2,721.40","890.65M","-0.74%"
"2021-4-2","2,762.07","2,741.31","2,781.13","2,730.72","1.05B","1.34%"
"2021-4-1","2,725.48","2,675.16","2,728.61","2,675.16","837.88M","2.18%"
"2021-3-31","2,667.44","2,675.27","2,686.14","2,638.13","880.86M","-0.36%"
"2021-3-30","2,676.98","2,627.24","2,685.38","2,619.83","977.74M","1.61%"
"2021-3-29","2,634.54","2,652.32","2,671.87","2,616.92","1.01B","-0.51%"
"2021-3-26","2,648.01","2,571.88","2,658.10","2,571.08","1.25B","3.74%"
"2021-3-25","2,552.47","2,510.04","2,568.55","2,501.35","1.10B","0.49%"
"2021-3-24","2,539.90","2,558.21","2,588.46","2,527.95","1.20B","-1.31%"
"2021-3-23","2,573.58","2,589.40","2,616.66","2,543.78","1.13B","-1.29%"
"2021-3-22","2,607.14","2,597.47","2,643.54","2,570.73","980.03M","0.94%"
"2021-3-19","2,582.80","2,616.01","2,644.57","2,563.76","1.03B","-3.34%"
"2021-3-18","2,671.95","2,641.37","2,686.93","2,638.17","1.13B","1.79%"
"2021-3-17","2,624.90","2,580.35","2,640.26","2,548.55","949.85M","1.22%"
"2021-3-16","2,593.32","2,590.05","2,601.96","2,548.59","1.03B","1.01%"
"2021-3-15","2,567.45","2,680.27","2,680.27","2,534.26","1.24B","-4.86%"
"2021-3-12","2,698.51","2,701.56","2,706.97","2,649.85","1.16B","0.79%"
"2021-3-11","2,677.34","2,606.14","2,702.73","2,602.48","1.26B","3.01%"
"2021-3-10","2,599.18","2,620.32","2,640.04","2,582.43","1.33B","2.41%"
"2021-3-9","2,538.01","2,621.61","2,645.20","2,511.73","1.63B","-3.66%"
"2021-3-8","2,634.35","2,800.73","2,820.85","2,630.34","1.62B","-5.32%"
"2021-3-5","2,782.29","2,707.15","2,808.97","2,707.15","1.41B","0.71%"
"2021-3-4","2,762.74","2,886.80","2,886.80","2,751.42","1.53B","-5.63%"
"2021-3-3","2,927.41","2,882.93","2,927.41","2,862.16","1.15B","0.91%"
"2021-3-2","2,901.05","2,959.08","2,963.43","2,870.63","1.42B","-1.02%"
"2021-3-1","2,931.09","2,887.27","2,934.46","2,862.51","1.51B","3.23%"
"2021-2-26","2,839.43","2,826.18","2,887.86","2,806.89","1.51B","-2.17%"
"2021-2-25","2,902.38","2,968.06","2,975.10","2,892.99","1.44B","-0.99%"
"2021-2-24","2,931.28","3,050.45","3,062.12","2,896.32","1.70B","-3.94%"
"2021-2-23","3,051.43","3,033.15","3,096.60","3,021.93","1.43B","-0.52%"
"2021-2-22","3,067.52","3,220.07","3,220.07","3,067.52","2.12B","-4.89%"
"2021-2-19","3,225.17","3,241.79","3,257.41","3,135.09","1.77B","-1.62%"
"2021-2-18","3,278.20","3,444.81","3,445.69","3,255.41","1.90B","-3.16%"
"2021-2-10","3,385.21","3,318.42","3,402.15","3,278.74","1.40B","2.55%"
"2021-2-9","3,301.09","3,263.78","3,308.51","3,239.31","1.44B","1.68%"
"2021-2-8","3,246.58","3,160.17","3,246.58","3,114.18","1.38B","3.00%"
"2021-2-5","3,152.06","3,183.60","3,208.10","3,141.66","1.46B","-0.09%"
"2021-2-4","3,154.85","3,150.97","3,196.56","3,108.97","1.50B","-0.34%"
"2021-2-3","3,165.76","3,181.77","3,215.87","3,159.08","1.65B","0.24%"
"2021-2-2","3,158.31","3,097.89","3,162.38","3,050.86","1.52B","2.61%"
"2021-2-1","3,078.07","3,053.67","3,108.48","3,039.90","1.53B","1.17%"
"2021-1-29","3,042.51","3,127.02","3,145.07","2,980.14","1.83B","-1.40%"
"2021-1-28","3,085.67","3,144.26","3,171.01","3,084.28","1.78B","-3.85%"
"2021-1-27","3,209.15","3,190.17","3,223.95","3,109.76","1.76B","1.13%"
"2021-1-26","3,173.43","3,254.18","3,254.18","3,168.08","1.68B","-3.16%"
"2021-1-25","3,276.81","3,291.44","3,360.04","3,253.93","1.84B","-0.27%"
"2021-1-22","3,285.71","3,207.58","3,297.02","3,206.83","1.89B","2.35%"
"2021-1-21","3,210.39","3,141.04","3,232.67","3,141.04","1.80B","2.61%"
"2021-1-20","3,128.83","3,023.86","3,128.83","3,013.46","1.37B","4.32%"
"2021-1-19","2,999.12","3,070.53","3,081.81","2,987.52","1.50B","-2.32%"
"2021-1-18","3,070.28","2,991.97","3,087.95","2,969.42","1.45B","2.22%"
"2021-1-15","3,003.70","2,983.62","3,027.78","2,929.14","1.53B","0.06%"
"2021-1-14","3,001.81","3,019.88","3,059.70","2,977.63","1.73B","-1.67%"
"2021-1-13","3,052.84","3,094.24","3,131.82","3,018.59","2.08B","-1.32%"
"2021-1-12","3,093.71","2,976.90","3,093.71","2,953.81","1.94B","3.49%"
"2021-1-11","2,989.29","3,060.71","3,060.71","2,963.89","1.88B","-1.96%"
"2021-1-8","3,048.99","3,083.22","3,099.00","3,006.32","2.00B","-0.36%"
"2021-1-7","3,060.05","2,998.90","3,060.05","2,977.41","1.86B","1.72%"
"2021-1-6","3,008.35","2,997.49","3,024.54","2,941.06","1.61B","1.04%"
"2021-1-5","2,977.51","2,929.51","2,978.80","2,900.54","1.85B","0.46%"
"2021-1-4","2,963.76","2,863.38","2,983.23","2,852.24","1.86B","3.88%"
"2020-12-31","2,853.18","2,797.17","2,856.87","2,794.12","1.55B","2.48%"
"2020-12-30","2,784.00","2,705.95","2,794.27","2,705.28","1.32B","3.69%"
"2020-12-29","2,684.90","2,720.08","2,727.83","2,665.39","1.46B","-1.34%"
"2020-12-28","2,721.48","2,729.84","2,746.32","2,708.22","1.43B","-0.04%"
"2020-12-25","2,722.61","2,691.26","2,722.89","2,675.79","1.15B","0.88%"
"2020-12-24","2,698.84","2,713.60","2,723.03","2,687.26","1.10B","-0.67%"
"2020-12-23","2,716.96","2,698.23","2,746.59","2,685.40","1.24B","1.16%"
"2020-12-22","2,685.77","2,735.76","2,767.36","2,684.51","1.34B","-2.42%"
"2020-12-21","2,752.49","2,655.75","2,752.49","2,648.57","1.27B","4.13%"
"2020-12-18","2,643.43","2,638.39","2,664.69","2,622.74","1.00B","0.26%"
"2020-12-17","2,636.59","2,609.80","2,641.34","2,591.15","1.21B","0.96%"
"2020-12-16","2,611.61","2,613.48","2,622.63","2,580.58","1.02B","0.20%"
"2020-12-15","2,606.53","2,565.17","2,610.10","2,558.26","1.02B","1.77%"
"2020-12-14","2,561.26","2,542.65","2,564.65","2,519.53","1.10B","1.08%"
"2020-12-11","2,533.88","2,569.11","2,576.57","2,511.44","1.49B","-1.03%"
"2020-12-10","2,560.33","2,532.51","2,576.51","2,516.55","1.16B","0.79%"
"2020-12-9","2,540.35","2,592.51","2,607.13","2,534.72","1.38B","-1.74%"
"2020-12-8","2,585.25","2,572.31","2,595.96","2,572.10","1.09B","0.99%"
"2020-12-7","2,559.84","2,557.33","2,576.69","2,552.07","1.31B","-0.45%"
"2020-12-4","2,571.34","2,540.75","2,577.37","2,536.11","1.04B","0.74%"
"2020-12-3","2,552.52","2,521.55","2,561.59","2,508.87","1.23B","1.14%"
"2020-12-2","2,523.85","2,545.32","2,547.37","2,505.06","1.43B","-0.89%"
"2020-12-1","2,546.55","2,476.73","2,548.21","2,475.74","1.72B","2.69%"
"2020-11-30","2,479.80","2,470.78","2,501.48","2,436.20","1.80B","0.79%"
"2020-11-27","2,460.26","2,456.96","2,477.75","2,434.55","987.30M","0.39%"
"2020-11-26","2,450.64","2,458.49","2,472.97","2,421.60","978.58M","-0.29%"
"2020-11-25","2,457.81","2,522.24","2,523.63","2,456.86","1.21B","-2.48%"
"2020-11-24","2,520.19","2,535.32","2,544.47","2,507.47","1.06B","-0.49%"
"2020-11-23","2,532.71","2,512.56","2,551.81","2,489.58","1.38B","1.23%"
"2020-11-20","2,501.99","2,482.45","2,513.87","2,482.45","972.29M","1.03%"
"2020-11-19","2,476.45","2,455.11","2,483.96","2,430.80","970.15M","0.63%"
"2020-11-18","2,460.97","2,500.38","2,522.16","2,452.83","1.05B","-1.60%"
"2020-11-17","2,500.94","2,562.06","2,562.83","2,466.75","1.21B","-2.27%"
"2020-11-16","2,559.00","2,565.32","2,570.59","2,526.46","1.03B","0.18%"
"2020-11-13","2,554.51","2,551.73","2,568.04","2,530.07","1.04B","0.04%"
"2020-11-12","2,553.40","2,562.52","2,574.98","2,540.93","1.04B","0.77%"
"2020-11-11","2,533.94","2,614.35","2,619.72","2,533.94","1.37B","-3.55%"
"2020-11-10","2,627.23","2,667.88","2,667.88","2,611.78","1.66B","-1.74%"
"2020-11-9","2,673.75","2,609.22","2,691.37","2,609.22","2.01B","3.41%"
"2020-11-6","2,585.46","2,640.63","2,640.63","2,555.93","1.48B","-1.72%"
"2020-11-5","2,630.69","2,627.10","2,636.67","2,587.64","1.50B","1.46%"
"2020-11-4","2,592.72","2,582.85","2,598.46","2,565.06","1.11B","0.61%"
"2020-11-3","2,576.91","2,554.75","2,585.11","2,532.98","1.28B","1.35%"
"2020-11-2","2,542.67","2,501.59","2,556.60","2,497.58","1.27B","2.33%"
"2020-10-30","2,484.79","2,531.23","2,536.94","2,476.76","1.50B","-1.41%"
"2020-10-29","2,520.32","2,456.29","2,535.80","2,453.01","1.31B","1.26%"
"2020-10-28","2,488.87","2,457.19","2,505.48","2,443.44","1.34B","1.08%"
"2020-10-27","2,462.22","2,430.95","2,468.18","2,427.14","943.70M","1.43%"
"2020-10-26","2,427.41","2,395.38","2,439.09","2,363.34","1.01B","0.68%"
"2020-10-23","2,410.90","2,496.29","2,516.33","2,401.83","1.01B","-3.11%"
"2020-10-22","2,488.32","2,498.03","2,500.60","2,460.19","938.28M","-1.05%"
"2020-10-21","2,514.78","2,559.00","2,559.00","2,502.18","1.10B","-1.51%"
"2020-10-20","2,553.32","2,504.06","2,553.32","2,494.02","1.22B","2.39%"
"2020-10-19","2,493.60","2,553.45","2,555.18","2,488.81","1.15B","-1.25%"
"2020-10-16","2,525.18","2,537.31","2,557.01","2,499.38","1.02B","-0.61%"
"2020-10-15","2,540.58","2,567.53","2,570.39","2,536.88","1.17B","-0.83%"
"2020-10-14","2,561.94","2,568.79","2,587.79","2,557.22","1.42B","-0.55%"
"2020-10-13","2,575.99","2,565.24","2,586.04","2,548.12","1.57B","0.07%"
"2020-10-12","2,574.15","2,501.09","2,574.15","2,498.55","2.00B","4.03%"
"2020-10-9","2,474.35","2,426.98","2,480.82","2,426.35","1.45B","4.51%"
"2020-9-30","2,367.60","2,366.65","2,394.51","2,354.62","973.64M","0.63%"
"2020-9-29","2,352.88","2,333.24","2,368.04","2,313.52","1.02B","1.56%"
"2020-9-28","2,316.81","2,340.83","2,348.02","2,310.94","983.36M","-0.51%"
"2020-9-25","2,328.66","2,337.62","2,359.04","2,316.62","1.12B","0.27%"
"2020-9-24","2,322.36","2,354.75","2,365.48","2,322.36","1.46B","-2.41%"
"2020-9-23","2,379.75","2,342.38","2,387.91","2,326.89","1.34B","1.83%"
"2020-9-22","2,336.92","2,334.39","2,374.98","2,328.68","1.29B","-0.19%"
"2020-9-21","2,341.47","2,378.54","2,379.49","2,338.18","1.49B","-1.06%"
"2020-9-18","2,366.51","2,330.35","2,371.71","2,308.59","1.80B","1.59%"
"2020-9-17","2,329.39","2,317.73","2,351.50","2,292.33","1.55B","0.34%"
"2020-9-16","2,321.42","2,361.57","2,361.57","2,307.39","1.48B","-1.54%"
"2020-9-15","2,357.82","2,342.40","2,363.83","2,328.19","1.74B","0.97%"
"2020-9-14","2,335.14","2,330.65","2,366.76","2,313.51","1.90B","1.58%"
"2020-9-11","2,298.77","2,242.50","2,305.94","2,242.50","1.54B","2.27%"
"2020-9-10","2,247.77","2,307.52","2,325.23","2,243.38","2.26B","-1.35%"
"2020-9-9","2,278.58","2,356.87","2,356.87","2,262.63","2.39B","-5.13%"
"2020-9-8","2,401.70","2,396.36","2,412.66","2,365.22","2.29B","0.52%"
"2020-9-7","2,389.33","2,474.15","2,491.36","2,377.29","2.47B","-3.55%"
"2020-9-4","2,477.30","2,433.21","2,485.91","2,429.70","1.72B","-0.47%"
"2020-9-3","2,488.99","2,502.34","2,530.62","2,480.60","1.94B","-0.79%"
"2020-9-2","2,508.86","2,496.64","2,522.12","2,471.69","2.45B","0.54%"
"2020-9-1","2,495.35","2,466.55","2,495.35","2,447.21","1.54B","0.84%"
"2020-8-31","2,474.47","2,517.02","2,524.49","2,472.71","1.96B","-1.25%"
"2020-8-28","2,505.68","2,442.17","2,511.64","2,434.51","1.91B","2.45%"
"2020-8-27","2,445.88","2,411.71","2,459.05","2,395.79","1.95B","1.96%"
"2020-8-26","2,398.75","2,456.41","2,470.73","2,390.58","2.16B","-2.31%"
"2020-8-25","2,455.58","2,435.56","2,494.79","2,434.39","2.24B","0.90%"
"2020-8-24","2,433.69","2,410.81","2,456.25","2,342.28","2.10B","1.82%"
"2020-8-21","2,390.08","2,369.22","2,401.36","2,366.25","1.68B","1.94%"
"2020-8-20","2,344.71","2,338.61","2,378.99","2,327.90","1.47B","-0.64%"
"2020-8-19","2,359.84","2,449.02","2,449.02","2,359.74","1.52B","-3.91%"
"2020-8-18","2,455.88","2,461.02","2,483.81","2,443.87","1.39B","0.02%"
"2020-8-17","2,455.43","2,444.22","2,455.43","2,408.00","1.75B","0.98%"
"2020-8-14","2,431.69","2,385.92","2,432.87","2,379.03","1.30B","1.99%"
"2020-8-13","2,384.16","2,423.35","2,426.58","2,371.87","1.36B","-0.65%"
"2020-8-12","2,399.69","2,452.13","2,458.30","2,342.58","1.92B","-1.92%"
"2020-8-11","2,446.63","2,497.08","2,535.31","2,444.77","1.69B","-1.79%"
"2020-8-10","2,491.10","2,498.56","2,514.84","2,449.79","1.75B","-0.98%"
"2020-8-7","2,515.70","2,570.74","2,588.19","2,472.05","2.11B","-2.35%"
"2020-8-6","2,576.18","2,639.81","2,641.85","2,537.88","2.02B","-2.03%"
"2020-8-5","2,629.53","2,593.82","2,645.30","2,570.60","1.82B","1.19%"
"2020-8-4","2,598.69","2,632.31","2,662.48","2,585.80","1.94B","-1.58%"
"2020-8-3","2,640.40","2,608.64","2,643.62","2,575.14","2.35B","2.79%"
"2020-7-31","2,568.80","2,511.82","2,586.11","2,509.50","2.21B","2.50%"
"2020-7-30","2,506.07","2,543.50","2,549.97","2,497.12","2.09B","-0.74%"
"2020-7-29","2,524.67","2,409.56","2,525.15","2,403.50","2.29B","4.39%"
"2020-7-28","2,418.54","2,426.80","2,438.07","2,380.51","1.57B","1.22%"
"2020-7-27","2,389.29","2,395.20","2,425.75","2,366.85","1.71B","0.30%"
"2020-7-24","2,382.15","2,517.88","2,528.65","2,369.92","2.64B","-6.65%"
"2020-7-23","2,551.76","2,481.11","2,551.76","2,461.44","2.34B","1.76%"
"2020-7-22","2,507.69","2,467.04","2,546.10","2,459.29","2.10B","1.28%"
"2020-7-21","2,475.95","2,441.26","2,484.52","2,424.90","1.91B","1.80%"
"2020-7-20","2,432.25","2,436.99","2,450.59","2,354.52","2.26B","1.64%"
"2020-7-17","2,392.90","2,400.21","2,456.41","2,348.61","2.52B","0.37%"
"2020-7-16","2,384.00","2,531.47","2,574.04","2,373.44","3.05B","-5.81%"
"2020-7-15","2,531.18","2,587.46","2,614.63","2,508.14","2.94B","-1.73%"
"2020-7-14","2,575.63","2,584.49","2,605.12","2,506.00","3.05B","-0.90%"
"2020-7-13","2,598.90","2,498.45","2,609.32","2,498.45","2.81B","4.55%"
"2020-7-10","2,485.77","2,450.02","2,503.30","2,440.90","2.82B","0.85%"
"2020-7-9","2,464.80","2,367.49","2,481.21","2,363.86","3.27B","3.93%"
"2020-7-8","2,371.57","2,322.24","2,373.57","2,297.02","2.69B","2.90%"
"2020-7-7","2,304.74","2,265.22","2,345.79","2,260.54","3.21B","2.57%"
"2020-7-6","2,247.10","2,187.31","2,253.48","2,178.63","3.09B","3.02%"
"2020-7-3","2,181.25","2,152.70","2,188.20","2,136.00","2.66B","1.48%"
"2020-7-2","2,149.51","2,137.40","2,152.42","2,117.81","2.45B","0.47%"
"2020-7-1","2,139.56","2,166.24","2,169.93","2,105.50","2.11B","-0.76%"
"2020-6-30","2,155.92","2,109.29","2,159.85","2,109.29","21.03K","3.03%"
"2020-6-29","2,092.53","2,097.53","2,106.98","2,081.60","2.00B","-0.64%"
"2020-6-24","2,106.09","2,115.33","2,124.04","2,090.79","1.94B","-0.29%"
"2020-6-23","2,112.15","2,076.02","2,112.15","2,067.07","2.15B","1.76%"
"2020-6-22","2,075.60","2,055.78","2,091.28","2,055.78","2.33B","1.37%"
"2020-6-19","2,047.57","1,992.21","2,057.66","1,992.21","2.26B","2.95%"
"2020-6-18","1,988.94","1,982.94","1,991.73","1,964.98","2.30B","0.43%"
"2020-6-17","1,980.39","1,985.12","1,993.33","1,967.50","2.07B","-0.05%"
"2020-6-16","1,981.35","1,974.12","1,990.15","1,963.53","2.15B","1.81%"
"2020-6-15","1,946.04","1,949.61","1,981.87","1,942.93","2.45B","0.39%"
"2020-6-12","1,938.38","1,883.00","1,948.77","1,880.71","2.09B","0.82%"
"2020-6-11","1,922.71","1,923.25","1,962.79","1,909.08","1.85B","0.35%"
"2020-6-10","1,915.98","1,900.56","1,920.11","1,893.34","1.33B","1.20%"
"2020-6-9","1,893.30","1,872.19","1,899.44","1,863.07","1.44B","1.48%"
"2020-6-8","1,865.72","1,895.95","1,898.88","1,859.88","1.34B","-0.58%"
"2020-6-5","1,876.64","1,861.52","1,876.64","1,852.84","1.25B","0.85%"
"2020-6-4","1,860.78","1,861.73","1,868.00","1,846.58","1.37B","0.34%"
"2020-6-3","1,854.42","1,864.30","1,877.90","1,851.32","1.68B","-0.19%"
"2020-6-2","1,858.02","1,874.96","1,874.96","1,844.94","1.76B","-0.59%"
"2020-6-1","1,869.07","1,819.23","1,874.14","1,819.23","1.88B","3.70%"
"2020-5-29","1,802.39","1,778.45","1,806.00","1,771.96","1.07B","1.04%"
"2020-5-28","1,783.91","1,797.13","1,800.12","1,751.21","1.09B","-0.66%"
"2020-5-27","1,795.67","1,829.89","1,834.78","1,787.79","1.18B","-1.81%"
"2020-5-26","1,828.71","1,790.48","1,830.21","1,787.64","1.13B","3.01%"
"2020-5-25","1,775.32","1,769.86","1,776.14","1,758.27","940.95M","0.52%"
"2020-5-22","1,766.15","1,815.50","1,815.50","1,758.04","1.15B","-2.74%"
"2020-5-21","1,815.99","1,839.40","1,853.33","1,809.79","1.19B","-0.56%"
"2020-5-20","1,826.17","1,854.33","1,862.10","1,821.69","1.29B","-1.11%"
"2020-5-19","1,846.57","1,843.60","1,850.49","1,832.32","1.25B","1.43%"
"2020-5-18","1,820.49","1,834.69","1,844.14","1,806.68","1.53B","-0.99%"
"2020-5-15","1,838.72","1,839.88","1,852.42","1,823.20","1.24B","0.51%"
"2020-5-14","1,829.42","1,837.47","1,846.85","1,827.23","1.27B","-0.85%"
"2020-5-13","1,845.18","1,822.45","1,848.87","1,821.48","1.08B","1.00%"
"2020-5-12","1,826.85","1,814.66","1,828.12","1,797.80","1.06B","0.84%"
"2020-5-11","1,811.63","1,845.70","1,847.72","1,798.73","1.31B","-1.20%"
"2020-5-8","1,833.67","1,829.70","1,845.72","1,823.33","1.31B","0.74%"
"2020-5-7","1,820.22","1,832.42","1,832.42","1,812.53","1.28B","-0.45%"
"2020-5-6","1,828.38","1,771.79","1,829.62","1,770.31","1.58B","2.28%"
"2020-4-30","1,787.65","1,768.15","1,795.98","1,767.76","1.63B","1.98%"
"2020-4-29","1,752.91","1,748.54","1,775.29","1,746.39","1.12B","-0.20%"
"2020-4-28","1,756.51","1,742.37","1,769.70","1,698.31","1.52B","1.27%"
"2020-4-27","1,734.56","1,722.74","1,748.57","1,709.87","1.02B","1.26%"
"2020-4-24","1,712.95","1,737.89","1,747.71","1,706.93","1.11B","-1.43%"
"2020-4-23","1,737.83","1,757.54","1,760.04","1,734.72","1.10B","-0.64%"
"2020-4-22","1,749.02","1,717.09","1,749.74","1,714.18","1.04B","0.79%"
"2020-4-21","1,735.34","1,746.45","1,746.45","1,708.11","1.23B","-1.03%"
"2020-4-20","1,753.34","1,740.91","1,757.08","1,736.48","1.15B","1.18%"
"2020-4-17","1,732.81","1,735.55","1,757.00","1,727.80","1.58B","0.74%"
"2020-4-16","1,720.14","1,685.82","1,723.78","1,683.97","1.19B","1.60%"
"2020-4-15","1,693.05","1,705.31","1,716.53","1,690.96","1.38B","-0.35%"
"2020-4-14","1,698.98","1,652.91","1,698.98","1,650.88","1.48B","3.68%"
"2020-4-13","1,638.70","1,641.64","1,652.01","1,628.78","1.11B","-0.98%"
"2020-4-10","1,654.93","1,695.29","1,697.72","1,651.20","1.53B","-2.69%"
"2020-4-9","1,700.73","1,685.07","1,705.49","1,679.68","1.54B","1.79%"
"2020-4-8","1,670.83","1,665.91","1,681.08","1,662.66","1.36B","-0.20%"
"2020-4-7","1,674.21","1,654.78","1,676.92","1,651.59","1.43B","3.38%"
"2020-4-3","1,619.55","1,630.35","1,640.52","1,612.92","1.20B","-0.81%"
"2020-4-2","1,632.85","1,577.64","1,632.85","1,576.47","1.40B","3.03%"
"2020-4-1","1,584.88","1,594.62","1,617.98","1,582.29","1.29B","-0.17%"
"2020-3-31","1,587.55","1,600.45","1,604.54","1,582.16","1.09B","0.11%"
"2020-3-30","1,585.86","1,599.41","1,601.05","1,558.31","1.43B","-2.45%"
"2020-3-27","1,625.68","1,670.93","1,673.23","1,624.46","1.36B","-1.18%"
"2020-3-26","1,645.03","1,634.27","1,660.36","1,627.45","1.28B","-0.26%"
"2020-3-25","1,649.28","1,628.91","1,651.90","1,627.89","1.86B","3.93%"
"2020-3-24","1,586.93","1,584.06","1,590.28","1,532.92","1.73B","2.56%"
"2020-3-23","1,547.36","1,571.91","1,600.23","1,540.59","1.65B","-4.71%"
"2020-3-20","1,623.78","1,631.17","1,635.43","1,593.55","1.62B","1.12%"
"2020-3-19","1,605.76","1,609.44","1,619.03","1,555.92","2.02B","0.36%"
"2020-3-18","1,600.03","1,655.80","1,684.45","1,600.03","2.09B","-2.11%"
"2020-3-17","1,634.59","1,655.91","1,667.00","1,571.63","2.03B","0.53%"
"2020-3-16","1,625.96","1,733.98","1,736.83","1,618.68","2.54B","-6.28%"
"2020-3-13","1,734.85","1,648.80","1,758.25","1,648.80","2.22B","-0.46%"
"2020-3-12","1,742.81","1,762.52","1,768.23","1,722.45","1.80B","-2.51%"
"2020-3-11","1,787.75","1,837.36","1,842.07","1,787.04","1.95B","-2.26%"
"2020-3-10","1,829.12","1,765.28","1,831.45","1,740.72","2.32B","3.21%"
"2020-3-9","1,772.26","1,821.84","1,834.29","1,770.98","2.37B","-4.69%"
"2020-3-6","1,859.38","1,843.03","1,883.14","1,840.06","1.78B","-0.68%"
"2020-3-5","1,872.20","1,881.45","1,886.23","1,843.15","2.53B","1.35%"
"2020-3-4","1,847.32","1,842.26","1,860.53","1,801.85","2.30B","-0.32%"
"2020-3-3","1,853.33","1,869.85","1,915.54","1,832.43","2.72B","2.10%"
"2020-3-2","1,815.14","1,798.33","1,831.51","1,768.76","2.49B","3.18%"
"2020-2-28","1,759.25","1,792.60","1,834.67","1,757.32","2.98B","-5.89%"
"2020-2-27","1,869.38","1,879.97","1,906.70","1,840.94","2.73B","0.49%"
"2020-2-26","1,860.27","1,926.64","1,939.57","1,853.69","3.24B","-5.25%"
"2020-2-25","1,963.31","1,890.54","1,968.65","1,851.21","3.40B","1.63%"
"2020-2-24","1,931.82","1,895.20","1,938.97","1,884.84","3.01B","1.78%"
"2020-2-21","1,898.03","1,862.71","1,915.62","1,860.25","3.08B","2.35%"
"2020-2-20","1,854.48","1,817.70","1,858.63","1,807.74","2.44B","2.56%"
"2020-2-19","1,808.24","1,848.47","1,849.07","1,806.73","2.36B","-2.23%"
"2020-2-18","1,849.57","1,830.77","1,852.87","1,818.59","2.27B","1.07%"
"2020-2-17","1,829.93","1,782.45","1,829.93","1,782.45","2.34B","3.70%"
"2020-2-14","1,764.59","1,762.88","1,799.39","1,746.73","2.23B","0.03%"
"2020-2-13","1,764.11","1,775.98","1,790.01","1,751.99","2.26B","-0.93%"
"2020-2-12","1,780.64","1,721.06","1,783.49","1,720.29","2.31B","3.07%"
"2020-2-11","1,727.57","1,746.47","1,747.73","1,718.53","1.95B","-0.84%"
"2020-2-10","1,742.14","1,718.18","1,743.77","1,708.81","2.47B","1.72%"
"2020-2-7","1,712.70","1,720.67","1,732.05","1,684.55","2.65B","-0.47%"
"2020-2-6","1,720.84","1,647.84","1,722.47","1,633.66","2.63B","3.76%"
"2020-2-5","1,658.43","1,632.12","1,684.94","1,624.96","2.28B","3.47%"
"2020-2-4","1,602.86","1,520.58","1,608.80","1,520.58","2.36B","5.33%"
"2020-2-3","1,521.73","1,496.79","1,559.39","1,496.79","1.27B","-6.45%"
"2020-1-23","1,626.61","1,662.50","1,689.81","1,605.02","2.16B","-3.28%"
"2020-1-22","1,681.76","1,637.02","1,690.53","1,615.89","2.04B","2.31%"
"2020-1-21","1,643.82","1,657.60","1,667.14","1,639.87","1.67B","-0.95%"
"2020-1-20","1,659.61","1,621.06","1,660.83","1,620.01","1.78B","2.88%"
"2020-1-17","1,613.11","1,617.55","1,627.05","1,608.85","1.32B","0.04%"
"2020-1-16","1,612.50","1,606.65","1,617.46","1,601.38","1.26B","0.29%"
"2020-1-15","1,607.78","1,603.75","1,611.25","1,588.17","1.50B","0.03%"
"2020-1-14","1,607.37","1,622.95","1,627.30","1,606.91","1.68B","-0.51%"
"2020-1-13","1,615.60","1,593.14","1,615.60","1,577.87","1.68B","1.58%"
"2020-1-10","1,590.54","1,599.73","1,601.81","1,582.07","1.58B","-0.32%"
"2020-1-9","1,595.63","1,568.67","1,596.53","1,568.67","1.86B","3.05%"
"2020-1-8","1,548.46","1,559.83","1,573.66","1,544.00","1.88B","-1.46%"
"2020-1-7","1,571.38","1,554.14","1,571.38","1,551.97","1.88B","1.10%"
"2020-1-6","1,554.22","1,530.96","1,569.65","1,530.24","2.12B","1.03%"
"2020-1-3","1,538.40","1,538.93","1,548.20","1,526.44","1.68B","0.08%"
"2020-1-2","1,537.16","1,524.27","1,546.07","1,509.18","2.09B","1.68%"